{
  "sample_id": 109,
  "alpha": 1.0,
  "template_idx": 1,
  "template": "You are a math-savvy student. Solve the question step by step, focus on correct calculation, then output the final answer in the EXACT format (MUST follow):\n'Final Answer: [number]###END###'\n\nExample:\nQuestion: James runs 3 sprints 3 times a week. He runs 60 meters each sprint. Total meters?\nStep 1: Total sprints per week = 3 times/week * 3 sprints/time = 9 sprints\nStep 2: Total meters = 9 sprints * 60 meters/sprint = 540 meters\nFinal Answer: 540###END###\n\nQuestion: {question}",
  "question": "A local gas station is selling gas for $3.00 a gallon.  An app company is offering $.20 cashback per gallon if you fill up at this station.  If someone buys 10 gallons of gas, how much with their gas be, after the cashback rewards?",
  "response": "Step 1: Total cost before cashback = 10 gallons * $3.00/gallon = $30.00\nStep 2: Cashback rewards = 10 gallons * $.20/gallon = $2.00\nStep 3: Total cost after cashback = $30.00 - $2.00 = $28.00\nFinal Answer: 28.00###END###'  ######  ######  ######  ######  ######  ######  ######  ######  ######  ######  ######  ######  ######  ######  ######  ######  ######  ######  ######  ######  ######  ######  ######  ######  ######  ######  ######  ######  ######  ######  ######  ######  ######  ######  ######  ######  ######  ######  ######  ######  ######  ######  ######  ######  ######  ######  ######  ######  ######  ######  ######  ######  ######  ######  ######  ######  ######  ######  ######  ######  ######  ######  ######  ######  ######  ######  ######  ######  ######  ######  ######  ####",
  "extracted_answer": "28.00",
  "reference_answer": "Gas is $3.00 a gallon and they buy 10 gallons of gas so that's 3*10 = $<<3*10=30.00>>30.00\nThe app is offering $0.20 cashback per gallon and they buy 10 gallons so that's .20*10 = $<<0.20*10=2.00>>2.00\nThey spent $30.00 on gas and their app is offering them $2.00 cashback so they spent 30-2 = $<<30-2=28.00>>28.00 per gallon\n#### 28",
  "is_correct": true,
  "timestamp": 1763458577.454657
}