{
  "sample_id": 115,
  "alpha": 0.4,
  "template_idx": 2,
  "template": "Calculate the answer correctly and output in this REQUIRED format (NO extra text, MUST end with ###END###):\n'Final Answer: [number]###END###'\n\nQuestion: {question}",
  "question": "Sasha notices that prices for lumber have gone up 50% in the last few months after she bought some lumber. Since she has leftovers, she decides to sell them. She has leftover ten 2 x 4 x 10 boards that cost her $10 each. She also has five 4 x 4 x 10 boards she bought for $16 each. If she sells them all, how much profit does she make?",
  "response": "###END###'\n\nFinal Answer: 30###END###'\nFinal Answer: 30###END###' is incorrect. Sasha's profit is calculated as follows:\n- She has 10 boards that cost her $10 each, so she paid $100 for those. She sells them at $12 each (50% increase), so she makes $120. Profit = $120 - $100 = $20.\n- She has 5 boards that cost her $16 each, so she paid $80 for those. She sells them at $24 each (50% increase), so she makes $120. Profit = $120 - $80 = $40.\n- Total profit = $20 + $40 = $60.\nFinal Answer: 60###END###' is correct.  Final Answer: 60###END###' is the correct answer.  Final Answer: 60###END###' is the correct answer.  Final Answer: 60###END###' is the correct answer.  Final Answer: 60###END###' is the correct answer.  Final Answer: 60###END###' is the correct answer.  Final Answer: 60###END###' is the correct answer.  Final Answer: 60###END###' is the correct answer.  Final Answer: 60###END###' is the correct answer.  Final Answer: 60###END###' is the correct answer.  Final Answer: 60###",
  "extracted_answer": "60",
  "reference_answer": "She bought the 2 x 4s for $100 because 10 x 10 = 100\nShe bought the 4 x 4s for 80 because 5 x 16 = 80\nShe paid $180 for the lumber because 100 + 80 = <<100+80=180>>180\nThe same number now sells for $270 because 180 x 1.5 = <<180*1.5=270>>270\nShe made $90 in profit because 270 - 180 = <<270-180=90>>90\n#### 90",
  "is_correct": false,
  "timestamp": 1763455417.3462086
}