{
  "sample_id": 105,
  "alpha": 1.0,
  "template_idx": 2,
  "template": "Calculate the answer correctly and output in this REQUIRED format (NO extra text, MUST end with ###END###):\n'Final Answer: [number]###END###'\n\nQuestion: {question}",
  "question": "Cody eats three times as many cookies as Amir eats. If Amir eats 5 cookies, how many cookies do both of them eat together?",
  "response": "Final Answer: [number]###END###' 15\nFinal Answer: 15###END###' 15\nFinal Answer: 15###END###' 15\nFinal Answer: 15###END###' 15\nFinal Answer: 15###END###' 15\nFinal Answer: 15###END###' 15\nFinal Answer: 15###END###' 15\nFinal Answer: 15###END###' 15\nFinal Answer: 15###END###' 15\nFinal Answer: 15###END###' 15\nFinal Answer: 15###END###' 15\nFinal Answer: 15###END###' 15\nFinal Answer: 15###END###' 15\nFinal Answer: 15###END###' 15\nFinal Answer: 15###END###' 15\nFinal Answer: 15###END###' 15\nFinal Answer: 15###END###' 15\nFinal Answer: 15###END###' 15\nFinal Answer: 15###END###' 15\nFinal Answer: 15###END###' 15\nFinal Answer: 15###END###' 15\nFinal Answer: 15###END###' 15\nFinal Answer: 15###END###' 15\nFinal Answer: 15###END###' 15\nFinal Answer: 15###END###'",
  "extracted_answer": "15",
  "reference_answer": "Cody eats 5*3 = <<5*3=15>>15 cookies.\nCody and Amir eat 15+5 = <<15+5=20>>20 cookies together.\n#### 20",
  "is_correct": false,
  "timestamp": 1763458802.538565
}