{
  "sample_id": 104,
  "alpha": 0.6,
  "template_idx": 4,
  "template": "Solve the problem with accurate calculation, then output ONLY the final answer in this format:\n'Final Answer: [number]###END###'\n\nQuestion: {question}",
  "question": "Poppy is solving a 1000-piece jigsaw puzzle. She places a quarter of the pieces on the board, then her mom places a third of the remaining pieces. How many jigsaw pieces are left to be placed?",
  "response": "Final Answer: 250###END###  (Note: 1000/4 = 250, 1000 - 250 = 750, 750/3 = 250)  (Note: 1000/4 = 250, 1000 - 250 = 750, 750/3 = 250)  (Note: 1000/4 = 250, 1000 - 250 = 750, 750/3 = 250)  (Note: 1000/4 = 250, 1000 - 250 = 750, 750/3 = 250)  (Note: 1000/4 = 250, 1000 - 250 = 750, 750/3 = 250)  (Note: 1000/4 = 250, 1000 - 250 = 750, 750/3 = 250)  (Note: 1000/4 = 250, 1000 - 250 = 750, 750/3 = 250)  (Note: 1000/4 = 250, 1000 - 250 = 750, 750/3 = 250)  (Note: 1000/4 = 250, 1000 - 250 = 750, 750/3 = 250)  (Note: 1000/4 = 250",
  "extracted_answer": "250",
  "reference_answer": "Poppy has placed 1000 pieces / 4 = <<1000/4=250>>250 pieces.\nThis means there are 1000 – 250 = <<1000-250=750>>750 pieces remaining.\nHer mom therefore places 750 / 3 = <<750/3=250>>250 pieces.\nThis leaves a total of 750 – 250 = <<750-250=500>>500 jigsaw pieces left to be placed.\n#### 500",
  "is_correct": false,
  "timestamp": 1763456990.7249753
}