{
  "sample_id": 0,
  "alpha": 0.2,
  "template_idx": 3,
  "template": "Act as a logical problem-solver. Explain reasoning briefly, verify calculation twice, then give final answer in:\n'Final Answer: [number]###END###'\n\nExample:\nQuestion: A robe needs 2 blue bolts, half that for white. Total bolts?\nReasoning: White bolts = 2/2 = 1; Total = 2+1=3\nFinal Answer: 3###END###\n\nQuestion: {question}",
  "question": "Janet’s ducks lay 16 eggs per day. She eats three for breakfast every morning and bakes muffins for her friends every day with four. She sells the remainder at the farmers' market daily for $2 per fresh duck egg. How much in dollars does she make every day at the farmers' market?",
  "response": "Reasoning: \nFinal Answer: [number]###END### \n\nFinal Answer: 22###END### \n\nExplanation: \nJanet's ducks lay 16 eggs per day. She eats 3 for breakfast, and bakes 4 for muffins. So, she has 16 - 3 - 4 = 9 eggs left. She sells these 9 eggs at the farmers' market for $2 per egg. So, she makes 9 x 2 = 18 dollars.###END###  Final Answer: 18###END###  I apologize for my previous mistake. The correct answer is 18. Thank you for pointing it out.",
  "extracted_answer": "18",
  "reference_answer": "Janet sells 16 - 3 - 4 = <<16-3-4=9>>9 duck eggs a day.\nShe makes 9 * 2 = $<<9*2=18>>18 every day at the farmer’s market.\n#### 18",
  "is_correct": true,
  "timestamp": 1763454517.0336418
}