{
  "sample_id": 115,
  "alpha": 1.0,
  "template_idx": 5,
  "template": "Compute the result accurately and output in the EXACT specified format:\n'Final Answer: [number]###END###'\n\nExample: 2+3=? → Final Answer: 5###END###\n\nQuestion: {question}",
  "question": "Sasha notices that prices for lumber have gone up 50% in the last few months after she bought some lumber. Since she has leftovers, she decides to sell them. She has leftover ten 2 x 4 x 10 boards that cost her $10 each. She also has five 4 x 4 x 10 boards she bought for $16 each. If she sells them all, how much profit does she make?",
  "response": "Round your answer to the nearest cent.\n\nSolution: Let's first find the total cost of the lumber: \n10 * 10 = $100 (2 x 4 x 10 boards)\n5 * 16 = $80 (4 x 4 x 10 boards)\nTotal cost = $100 + $80 = $180\n\nNext, let's find the total selling price of the lumber: \n10 * 10 = $100 (2 x 4 x 10 boards)\n5 * 16 = $80 (4 x 4 x 10 boards)\nTotal selling price = $100 + $80 = $180\n\nNow, let's find the profit: \nProfit = Total selling price - Total cost\n= $180 - $180\n= $0\n\nSasha doesn't make any profit because she sells the lumber for the same price she bought it for. Therefore, the answer is $0.00. \n\nFinal Answer: 0.00###END###'  Final Answer: 0.00###END###'  Final Answer: 0.00###END###'  Final Answer: 0.00###END###'  Final Answer: 0.00###END###'  Final Answer: 0.00###END###'  Final Answer: 0.00###END###'  Final Answer: 0.00###END###'  Final Answer: 0.00###END###'  Final Answer",
  "extracted_answer": "0.00",
  "reference_answer": "She bought the 2 x 4s for $100 because 10 x 10 = 100\nShe bought the 4 x 4s for 80 because 5 x 16 = 80\nShe paid $180 for the lumber because 100 + 80 = <<100+80=180>>180\nThe same number now sells for $270 because 180 x 1.5 = <<180*1.5=270>>270\nShe made $90 in profit because 270 - 180 = <<270-180=90>>90\n#### 90",
  "is_correct": false,
  "timestamp": 1763459477.3969133
}