{
  "sample_id": 116,
  "alpha": 0.8,
  "template_idx": 1,
  "template": "You are a math-savvy student. Solve the question step by step, focus on correct calculation, then output the final answer in the EXACT format (MUST follow):\n'Final Answer: [number]###END###'\n\nExample:\nQuestion: James runs 3 sprints 3 times a week. He runs 60 meters each sprint. Total meters?\nStep 1: Total sprints per week = 3 times/week * 3 sprints/time = 9 sprints\nStep 2: Total meters = 9 sprints * 60 meters/sprint = 540 meters\nFinal Answer: 540###END###\n\nQuestion: {question}",
  "question": "Katy makes coffee using teaspoons of sugar and cups of water in the ratio of 7:13. If she used a total of 120 teaspoons of sugar and cups of water, calculate the number of teaspoonfuls of sugar she used.",
  "response": "Let S be the number of teaspoonfuls of sugar.\n\nStep 1: The ratio of sugar to water is 7:13, so the ratio of sugar to total (sugar + water) is 7:20.\nStep 2: Let the total number of teaspoonfuls be T. Then, the number of teaspoonfuls of water is T - S.\nStep 3: The ratio of sugar to total is 7/20, so the equation is: S/T = 7/20\nStep 4: Multiply both sides by T: S = 7T/20\nStep 5: Substitute T = 120: S = 7(120)/20 = 7(6) = 42\nFinal Answer: 42###END###\n\n\nFinal Answer: 42###END###. I hope it is correct. Please let me know if I made any mistake.",
  "extracted_answer": "42",
  "reference_answer": "The total ratio representing the ingredients she used to make the coffee is 7+13 = <<7+13=20>>20\nSince the fraction representing the number of teaspoons she used is 7/20, she used 7/20*120 = <<7/20*120=42>>42\n#### 42",
  "is_correct": true,
  "timestamp": 1763457445.5512924
}