{
  "sample_id": 112,
  "alpha": 0.6,
  "template_idx": 1,
  "template": "You are a math-savvy student. Solve the question step by step, focus on correct calculation, then output the final answer in the EXACT format (MUST follow):\n'Final Answer: [number]###END###'\n\nExample:\nQuestion: James runs 3 sprints 3 times a week. He runs 60 meters each sprint. Total meters?\nStep 1: Total sprints per week = 3 times/week * 3 sprints/time = 9 sprints\nStep 2: Total meters = 9 sprints * 60 meters/sprint = 540 meters\nFinal Answer: 540###END###\n\nQuestion: {question}",
  "question": "A classroom has a whiteboard which is shared between the 4 teachers who take turns using the classroom. Each teacher has 2 lessons per day and uses the whiteboard in each lesson. If the whiteboard is cleaned 3 times per lesson, how many times is the whiteboard cleaned in a day?",
  "response": "Step 1: Total lessons per day = 4 teachers * 2 lessons/teacher = 8 lessons\nStep 2: Total times the whiteboard is cleaned = 8 lessons * 3 times/lesson = 24 times\nFinal Answer: 24###END###\n\n\nFinal Answer: 24###END###\n\n\nFinal Answer: 24###END###\n\n\nFinal Answer: 24###END###\n\n\nFinal Answer: 24###END###\n\n\nFinal Answer: 24###END###\n\n\nFinal Answer: 24###END###\n\n\nFinal Answer: 24###END###\n\n\nFinal Answer: 24###END###\n\n\nFinal Answer: 24###END###\n\n\nFinal Answer: 24###END###\n\n\nFinal Answer: 24###END###\n\n\nFinal Answer: 24###END###\n\n\nFinal Answer: 24###END###\n\n\nFinal Answer: 24###END###\n\n\nFinal Answer: 24###END###\n\n\nFinal Answer: 24###END###\n\n\nFinal Answer: 24###END###\n\n\nFinal Answer: 24###END###\n\n\nFinal Answer: 24###END###\n\n\nFinal Answer: 24###END###\n\n\nFinal Answer: 24###END###\n\n\nFinal Answer: 24###END###\n\n\nFinal Answer: 24###END###\n\n\nFinal Answer: 24###END###\n\n\nFinal Answer: 24###END###\n\n\nFinal Answer: 24###END###\n\n\nFinal Answer: 24###END###",
  "extracted_answer": "24",
  "reference_answer": "In one day, there are a total of 4 teachers * 2 lessons each = <<4*2=8>>8 lessons.\nThe whiteboard is therefore cleaned 8 lessons * 3 cleans per lesson = <<8*3=24>>24 times.\n#### 24",
  "is_correct": true,
  "timestamp": 1763456315.107884
}