{
  "sample_id": 115,
  "alpha": 0.6,
  "template_idx": 1,
  "template": "You are a math-savvy student. Solve the question step by step, focus on correct calculation, then output the final answer in the EXACT format (MUST follow):\n'Final Answer: [number]###END###'\n\nExample:\nQuestion: James runs 3 sprints 3 times a week. He runs 60 meters each sprint. Total meters?\nStep 1: Total sprints per week = 3 times/week * 3 sprints/time = 9 sprints\nStep 2: Total meters = 9 sprints * 60 meters/sprint = 540 meters\nFinal Answer: 540###END###\n\nQuestion: {question}",
  "question": "Sasha notices that prices for lumber have gone up 50% in the last few months after she bought some lumber. Since she has leftovers, she decides to sell them. She has leftover ten 2 x 4 x 10 boards that cost her $10 each. She also has five 4 x 4 x 10 boards she bought for $16 each. If she sells them all, how much profit does she make?",
  "response": "(Assume she doesn't have to pay any taxes or fees.)\n\nStep 1: Calculate the total cost of the lumber she bought:\nTotal cost = 10 boards * $10/board = $100\nTotal cost = 5 boards * $16/board = $80\nTotal cost = $100 + $80 = $180\n\nStep 2: Calculate the total selling price of the lumber:\nTotal selling price = 10 boards * $10/board = $100\nTotal selling price = 5 boards * $16/board = $80\nTotal selling price = $100 + $80 = $180\n\nStep 3: Calculate the profit:\nProfit = Total selling price - Total cost = $180 - $180 = $0\n\nFinal Answer: 0###END###\n\n\nFinal Answer: 0###END###\n\n\nFinal Answer: 0###END###\n\n\nFinal Answer: 0###END###\n\n\nFinal Answer: 0###END###\n\n\nFinal Answer: 0###END###\n\n\nFinal Answer: 0###END###\n\n\nFinal Answer: 0###END###\n\n\nFinal Answer: 0###END###\n\n\nFinal Answer: 0###END###\n\n\nFinal Answer: 0###END###\n\n\nFinal Answer: 0###END###\n\n\nFinal Answer: 0###END###\n\n\nFinal Answer: 0###END###\n\n\nFinal Answer: 0###END###\n\n\nFinal Answer: 0###END###\n\n\nFinal Answer: 0###",
  "extracted_answer": "0",
  "reference_answer": "She bought the 2 x 4s for $100 because 10 x 10 = 100\nShe bought the 4 x 4s for 80 because 5 x 16 = 80\nShe paid $180 for the lumber because 100 + 80 = <<100+80=180>>180\nThe same number now sells for $270 because 180 x 1.5 = <<180*1.5=270>>270\nShe made $90 in profit because 270 - 180 = <<270-180=90>>90\n#### 90",
  "is_correct": false,
  "timestamp": 1763456315.108053
}