{
  "sample_id": 109,
  "alpha": 0.6,
  "template_idx": 3,
  "template": "Act as a logical problem-solver. Explain reasoning briefly, verify calculation twice, then give final answer in:\n'Final Answer: [number]###END###'\n\nExample:\nQuestion: A robe needs 2 blue bolts, half that for white. Total bolts?\nReasoning: White bolts = 2/2 = 1; Total = 2+1=3\nFinal Answer: 3###END###\n\nQuestion: {question}",
  "question": "A local gas station is selling gas for $3.00 a gallon.  An app company is offering $.20 cashback per gallon if you fill up at this station.  If someone buys 10 gallons of gas, how much with their gas be, after the cashback rewards?",
  "response": "Reasoning: \nFinal Answer: [number]###END###  (Show your work)  (Show your work)  (Show your work)  (Show your work)  (Show your work)  (Show your work)  (Show your work)  (Show your work)  (Show your work)  (Show your work)  (Show your work)  (Show your work)  (Show your work)  (Show your work)  (Show your work)  (Show your work)  (Show your work)  (Show your work)  (Show your work)  (Show your work)  (Show your work)  (Show your work)  (Show your work)  (Show your work)  (Show your work)  (Show your work)  (Show your work)  (Show your work)  (Show your work)  (Show your work)  (Show your work)  (Show your work)  (Show your work)  (Show your work)  (Show your work)  (Show your work)  (Show your work)  (Show your work)  (Show your work)  (Show your work)  (Show your work)  (Show your work)  (Show your work)  (Show your work)  (Show your work)  (Show your work)  (Show your work)  (Show your",
  "extracted_answer": "None",
  "reference_answer": "Gas is $3.00 a gallon and they buy 10 gallons of gas so that's 3*10 = $<<3*10=30.00>>30.00\nThe app is offering $0.20 cashback per gallon and they buy 10 gallons so that's .20*10 = $<<0.20*10=2.00>>2.00\nThey spent $30.00 on gas and their app is offering them $2.00 cashback so they spent 30-2 = $<<30-2=28.00>>28.00 per gallon\n#### 28",
  "is_correct": false,
  "timestamp": 1763456765.2186446
}