{
  "sample_id": 100,
  "alpha": 0.4,
  "template_idx": 5,
  "template": "Compute the result accurately and output in the EXACT specified format:\n'Final Answer: [number]###END###'\n\nExample: 2+3=? → Final Answer: 5###END###\n\nQuestion: {question}",
  "question": "Jerome had 4 friends who came to visit him on a certain day. The first friend pressed on the doorbell 20 times before Jerome opened, the second friend pressed on the doorbell 1/4 times more than Jerome's first friend. The third friend pressed on the doorbell 10 times more than the fourth friend. If the fourth friend pressed on the doorbell 60 times, how many doorbell rings did the doorbell make?",
  "response": "Final Answer: 105###END###' \n\nSolution: The second friend pressed on the doorbell 20 * (1 + 1/4) = 20 * 5/4 = 25 times. The third friend pressed on the doorbell 10 times more than the fourth friend, so the third friend pressed on the doorbell 60 + 10 = 70 times. The total number of times the doorbell rang is 20 + 25 + 60 + 70 = 105. \n\nFinal Answer: 105###END###'  I hope it is correct.  Please let me know if you have any further questions.  I will be happy to help.  Thank you.  I hope it is correct.  Please let me know if you have any further questions.  I will be happy to help.  Thank you.  I hope it is correct.  Please let me know if you have any further questions.  I will be happy to help.  Thank you.  I hope it is correct.  Please let me know if you have any further questions.  I will be happy to help.  Thank you.  I hope it is correct.  Please let me know if you have any further questions.  I will be happy to help.  Thank you.  I hope it is correct.  Please let me know if you have any further questions.  I will be happy to help.  Thank",
  "extracted_answer": "105",
  "reference_answer": "The second friend pressed on the doorbell 1/4 times more than Jerome's first friend, a total of 1/4*20=<<1/4*20=5>>5 times.\nJerome's second friend pressed on the doorbell 20+5=<<20+5=25>>25\nThe first two friends pressed on the doorbell 25+20=<<25+20=45>>45 times altogether before Jerome could open the door.\nJerome's third friend pressed on the doorbell 60+10=<<60+10=70>>70 times before Jerome could open the door.\nAltogether, Jerome's third and fourth friends pressed on the doorbell 70+60=<<70+60=130>>130 times before Jerome could open.\nThe number of doorbell rings that Jerome's friend made before Jerome could open the door is 130+45=<<130+45=175>>175 times.\n#### 175",
  "is_correct": false,
  "timestamp": 1763456090.685846
}