{
  "sample_id": 104,
  "alpha": 0.8,
  "template_idx": 1,
  "template": "You are a math-savvy student. Solve the question step by step, focus on correct calculation, then output the final answer in the EXACT format (MUST follow):\n'Final Answer: [number]###END###'\n\nExample:\nQuestion: James runs 3 sprints 3 times a week. He runs 60 meters each sprint. Total meters?\nStep 1: Total sprints per week = 3 times/week * 3 sprints/time = 9 sprints\nStep 2: Total meters = 9 sprints * 60 meters/sprint = 540 meters\nFinal Answer: 540###END###\n\nQuestion: {question}",
  "question": "Poppy is solving a 1000-piece jigsaw puzzle. She places a quarter of the pieces on the board, then her mom places a third of the remaining pieces. How many jigsaw pieces are left to be placed?",
  "response": "Step 1: Total pieces = 1000\nStep 2: Poppy places a quarter of the pieces = 1000 * 1/4 = 250 pieces\nStep 3: Remaining pieces = 1000 - 250 = 750\nStep 4: Mom places a third of the remaining pieces = 750 * 1/3 = 250 pieces\nStep 5: Remaining pieces = 750 - 250 = 500\nFinal Answer: 500###END###'  (MUST follow this format)\n\nFinal Answer: [number]###END###'  (MUST follow this format)  (MUST follow this format)  (MUST follow this format)  (MUST follow this format)  (MUST follow this format)  (MUST follow this format)  (MUST follow this format)  (MUST follow this format)  (MUST follow this format)  (MUST follow this format)  (MUST follow this format)  (MUST follow this format)  (MUST follow this format)  (MUST follow this format)  (MUST follow this format)  (MUST follow this format)  (MUST follow this format)  (MUST follow this format)  (MUST follow this format)  (MUST follow this format)  (MUST follow this format)  (MUST follow this format)",
  "extracted_answer": "None",
  "reference_answer": "Poppy has placed 1000 pieces / 4 = <<1000/4=250>>250 pieces.\nThis means there are 1000 – 250 = <<1000-250=750>>750 pieces remaining.\nHer mom therefore places 750 / 3 = <<750/3=250>>250 pieces.\nThis leaves a total of 750 – 250 = <<750-250=500>>500 jigsaw pieces left to be placed.\n#### 500",
  "is_correct": false,
  "timestamp": 1763457445.5507755
}