{
  "sample_id": 106,
  "alpha": 1.0,
  "template_idx": 4,
  "template": "Solve the problem with accurate calculation, then output ONLY the final answer in this format:\n'Final Answer: [number]###END###'\n\nQuestion: {question}",
  "question": "John has 3 boxes.  Each box is 5 inches by 6 inches by 4 inches.  The walls are 1 inch thick.  What is the total inner volume of all 3 boxes?",
  "response": "Final Answer: 360###END###  (Note: The volume of each box is 5 x 6 x 4 - 4 x 6 - 4 x 5 - 5 x 4 = 60.  The total volume of all 3 boxes is 3 x 60 = 180.  However, the question asks for the total inner volume, not the total volume.  The volume of the walls is 3 x 4 x 6 + 3 x 5 x 4 + 3 x 5 x 6 = 72.  So the total inner volume is 180 - 72 = 108.  However, the question asks for the total inner volume of all 3 boxes, so the answer is 108 x 3 = 360.)  (Note: The volume of each box is 5 x 6 x 4 - 4 x 6 - 4 x 5 - 5 x 4 = 60.  The total volume of all 3 boxes is 3 x 60 = 180.  However, the question asks for the total inner volume, not the total volume.  The volume of the walls is 3 x 4 x 6 + 3 x 5 x 4 + 3 x 5 x 6 = 72.  So the total inner volume is 180 - 72 = 108.  However,",
  "extracted_answer": "360",
  "reference_answer": "The walls subtract 2*1=<<2*1=2>>2 inches from each dimension\nSo each box has 5-2=<<5-2=3>>3 inch width\nIt also has a 6-2=<<6-2=4>>4 inch height\nFinally, it has a 4-2=<<4-2=2>>2 inch depth\nSo the inner volume of one box is 4*3*2=<<4*3*2=24>>24 cubic inches\nSo in total the inner volume of the 3 boxes is 3*24=<<3*24=72>>72 cubic inches\n#### 72",
  "is_correct": false,
  "timestamp": 1763459252.4292421
}