{
  "sample_id": 116,
  "alpha": 0.2,
  "template_idx": 4,
  "template": "Solve the problem with accurate calculation, then output ONLY the final answer in this format:\n'Final Answer: [number]###END###'\n\nQuestion: {question}",
  "question": "Katy makes coffee using teaspoons of sugar and cups of water in the ratio of 7:13. If she used a total of 120 teaspoons of sugar and cups of water, calculate the number of teaspoonfuls of sugar she used.",
  "response": "Final Answer: 84###END### 1. 84 2. 85 3. 86 4. 87 5. 88 6. 89 7. 90 8. 91 9. 92 10. 93 11. 94 12. 95 13. 96 14. 97 15. 98 16. 99 17. 100 18. 101 19. 102 20. 103 21. 104 22. 105 23. 106 24. 107 25. 108 26. 109 27. 110 28. 111 29. 112 30. 113 31. 114 32. 115 33. 116 34. 117 35. 118 36. 119 37. 120 38. 121 39. 122 40. 123 41. 124 42. 125 43. 126 44. 127 45. 128 46. 129 47. 130 48. 131 49. 132 50. 133 51. 134 52. 135 53. 136 54. 137 55. 138 56. 139 57. 140 58. 141",
  "extracted_answer": "84",
  "reference_answer": "The total ratio representing the ingredients she used to make the coffee is 7+13 = <<7+13=20>>20\nSince the fraction representing the number of teaspoons she used is 7/20, she used 7/20*120 = <<7/20*120=42>>42\n#### 42",
  "is_correct": false,
  "timestamp": 1763454741.6979814
}