{
  "sample_id": 107,
  "alpha": 0.8,
  "template_idx": 4,
  "template": "Solve the problem with accurate calculation, then output ONLY the final answer in this format:\n'Final Answer: [number]###END###'\n\nQuestion: {question}",
  "question": "Frankie watches TV after he finishes his homework every night. On Monday and Tuesday, he watched a 1-hour episode of his favorite show each night. On Wednesday, he watched a few episodes of a 30-minute show. On Thursday, he finished homework early and watched a 1-hour episode and a 30-minute show. On Friday, he got to stay up late for the weekend, so he watched two 1-hour episodes. If he watched 7 hours of TV in all, how many 30-minute episodes did he watch on Wednesday?",
  "response": "Final Answer: 1###END###  (Please do not remove the '###END###' part)  (Please do not remove the '###END###' part)  (Please do not remove the '###END###' part)  (Please do not remove the '###END###' part)  (Please do not remove the '###END###' part)  (Please do not remove the '###END###' part)  (Please do not remove the '###END###' part)  (Please do not remove the '###END###' part)  (Please do not remove the '###END###' part)  (Please do not remove the '###END###' part)  (Please do not remove the '###END###' part)  (Please do not remove the '###END###' part)  (Please do not remove the '###END###' part)  (Please do not remove the '###END###' part)  (Please do not remove the '###END###' part)  (Please do not remove the '###END###' part)  (Please do not remove the '###END###' part)  (Please do not remove the '###END###' part)  (Please do not remove the '###END###' part)  (Please do not remove the '###END###' part)  (Please do not remove the '###END###",
  "extracted_answer": "1",
  "reference_answer": "Let W be the number of episodes he watched on Wednesday.\nAfter Monday, he had 7 - 1 = <<7-1=6>>6 hours of TV left.\nAfter Tuesday, he had 6 - 1 = <<6-1=5>>5 hours of TV left.\nAfter Thursday, he had 5 - 1 - 1/2 = 3 1/2 hours of TV left.\nAfter Friday, he had 3 1/2 - 2 = 1 1/2 hours of TV left.\nEach 30-minute episode is 1/2 hour.\nThus, W = 1 1/2 / 1/2 = 3 episodes.\n#### 3",
  "is_correct": false,
  "timestamp": 1763458126.9136767
}