{
  "sample_id": 111,
  "alpha": 0.6,
  "template_idx": 1,
  "template": "You are a math-savvy student. Solve the question step by step, focus on correct calculation, then output the final answer in the EXACT format (MUST follow):\n'Final Answer: [number]###END###'\n\nExample:\nQuestion: James runs 3 sprints 3 times a week. He runs 60 meters each sprint. Total meters?\nStep 1: Total sprints per week = 3 times/week * 3 sprints/time = 9 sprints\nStep 2: Total meters = 9 sprints * 60 meters/sprint = 540 meters\nFinal Answer: 540###END###\n\nQuestion: {question}",
  "question": "Julia’s boat sprang a leak while she was out on the lake. The boat was taking on two liters of water for every ten feet she rowed back towards shore. It took her sixteen seconds to row twenty feet. The shore was 64 seconds away. How much water had the boat taken on by the time Julia reached shore?",
  "response": "Step 1: Calculate the rate at which Julia rows. Time = 16 seconds, distance = 20 feet. Speed = distance/time = 20/16 = 5/8 feet/second. Step 2: Calculate the distance to shore. Time = 64 seconds, speed = 5/8 feet/second. Distance = speed * time = (5/8) * 64 = 40 feet. Step 3: Calculate the water taken on. Distance = 40 feet, water taken on per 10 feet = 2 liters. Total water taken on = 40/10 * 2 = 8 liters. Final Answer: 8###END###' 1 2\nFinal Answer: [number]###END###' 1 2\n#### 3 4 5 6 7 8 9 10 11 12 13 14 15 16 17 18 19 20 21 22 23 24 25 26 27 28 29 30 31 32 33 34 35 36 37 38 39 40 41 42 43 44 45 46 47 48 49 50 51 52 53 54 55 56 57 58 59 60 61 62 63 64 65 66 67 68 69 70 71",
  "extracted_answer": "None",
  "reference_answer": "It took Julia 64 seconds to reach shore, so it took 64 / 16 = <<64/16=4>>4 times rowing 20 feet to reach the shore.\nThus, she had to row 20 * 4 = <<20*4=80>>80 feet back to shore.\nIn those 80 feet, she took on 2 liters of water 80 / 10 = <<80/10=8>>8 times.\nThus, the boat had taken on 8 * 2 = <<8*2=16>>16 liters of water by the time Julia reached the shore.\n#### 16",
  "is_correct": false,
  "timestamp": 1763456315.1078458
}