{
  "sample_id": 108,
  "alpha": 0.6,
  "template_idx": 2,
  "template": "Calculate the answer correctly and output in this REQUIRED format (NO extra text, MUST end with ###END###):\n'Final Answer: [number]###END###'\n\nQuestion: {question}",
  "question": "Henry is making cookies for a local baking competition. He wants to make twice as many as he did last year. When he finishes baking, he realizes he actually baked 15 more cookies than he meant to. He drops 5 of his cookies as he is putting them out to cool, and now has a total of 110 cookies. How many cookies did Henry bake last year?",
  "response": "#### \n#### \n#### \n#### \n#### \n#### \n#### \n#### \n#### \n#### \n#### \n#### \n#### \n#### \n#### \n#### \n#### \n#### \n#### \n#### \n#### \n#### \n#### \n#### \n#### \n#### \n#### \n#### \n#### \n#### \n#### \n#### \n#### \n#### \n#### \n#### \n#### \n#### \n#### \n#### \n#### \n#### \n#### \n#### \n#### \n#### \n#### \n#### \n#### \n#### \n#### \n#### \n#### \n#### \n#### \n#### \n#### \n#### \n#### \n#### \n#### \n#### \n#### \n#### \n#### \n#### \n#### \n#### \n#### \n#### \n#### \n#### \n#### \n#### \n#### \n#### \n#### \n#### \n#### \n#### \n#### \n#### \n#### \n#### \n#### \n#### \n#### \n#### \n#### \n#### \n#### \n#### \n#### \n#### \n#### \n#### \n#### \n#### \n#### \n#### \n#### \n#### \n#### \n#### \n#### \n#### \n#### \n#### \n#### \n#### \n#### \n#### \n#### \n#### \n#### \n#### \n#### \n#### \n#### \n#### \n#### \n#### \n#### \n#### \n#### \n#### \n#### \n#### \n#### \n#### \n#### \n#### \n#### \n#### \n#### \n#### \n#### \n#### \n#### \n#### \n#### \n#### \n#### \n#### \n#### \n#### \n#### \n#### \n#### \n####",
  "extracted_answer": "None",
  "reference_answer": "Adding the cookies Henry dropped shows he baked 110 + 5 = <<110+5=115>>115 cookies this year.\nHe had cooked too many, so he must have needed 115 – 15 = <<115-15=100>>100 cookies to double last year’s amount.\nTherefore, he must have cooked 100 / 2 = <<100/2=50>>50 cookies last year.\n#### 50",
  "is_correct": false,
  "timestamp": 1763456540.6120358
}