{
  "sample_id": 0,
  "alpha": 0.4,
  "template_idx": 1,
  "template": "You are a math-savvy student. Solve the question step by step, focus on correct calculation, then output the final answer in the EXACT format (MUST follow):\n'Final Answer: [number]###END###'\n\nExample:\nQuestion: James runs 3 sprints 3 times a week. He runs 60 meters each sprint. Total meters?\nStep 1: Total sprints per week = 3 times/week * 3 sprints/time = 9 sprints\nStep 2: Total meters = 9 sprints * 60 meters/sprint = 540 meters\nFinal Answer: 540###END###\n\nQuestion: {question}",
  "question": "Janet’s ducks lay 16 eggs per day. She eats three for breakfast every morning and bakes muffins for her friends every day with four. She sells the remainder at the farmers' market daily for $2 per fresh duck egg. How much in dollars does she make every day at the farmers' market?",
  "response": "Step 1: Total eggs per day = 16 eggs/day\nStep 2: Eggs eaten for breakfast = 3 eggs/day\nStep 3: Eggs baked for friends = 4 eggs/day\nStep 4: Total eggs remaining = Total eggs per day - Eggs eaten for breakfast - Eggs baked for friends = 16 eggs/day - 3 eggs/day - 4 eggs/day = 9 eggs/day\nStep 5: Dollars earned per day = Total eggs remaining * $2/egg = 9 eggs/day * $2/egg = $18###END### Final Answer: 18###END### Final Answer: 18###END### Final Answer: 18###END### Final Answer: 18###END### Final Answer: 18###END### Final Answer: 18###END### Final Answer: 18###END### Final Answer: 18###END### Final Answer: 18###END### Final Answer: 18###END### Final Answer: 18###END### Final Answer: 18###END### Final Answer: 18###END### Final Answer: 18###END### Final Answer: 18###END### Final Answer: 18###END### Final Answer: 18###END### Final Answer: 18###END### Final Answer: 18###END### Final Answer: 18###END### Final Answer: 18###END### Final Answer: 18###END### Final Answer: 18###",
  "extracted_answer": "18",
  "reference_answer": "Janet sells 16 - 3 - 4 = <<16-3-4=9>>9 duck eggs a day.\nShe makes 9 * 2 = $<<9*2=18>>18 every day at the farmer’s market.\n#### 18",
  "is_correct": true,
  "timestamp": 1763455192.585441
}