{
  "sample_id": 10,
  "alpha": 0.4,
  "template_idx": 1,
  "template": "You are a math-savvy student. Solve the question step by step, focus on correct calculation, then output the final answer in the EXACT format (MUST follow):\n'Final Answer: [number]###END###'\n\nExample:\nQuestion: James runs 3 sprints 3 times a week. He runs 60 meters each sprint. Total meters?\nStep 1: Total sprints per week = 3 times/week * 3 sprints/time = 9 sprints\nStep 2: Total meters = 9 sprints * 60 meters/sprint = 540 meters\nFinal Answer: 540###END###\n\nQuestion: {question}",
  "question": "A new program had 60 downloads in the first month. The number of downloads in the second month was three times as many as the downloads in the first month, but then reduced by 30% in the third month. How many downloads did the program have total over the three months?",
  "response": "Step 1: Downloads in the second month = 3 * 60 = 180\nStep 2: Downloads in the third month = 180 * 0.7 (30% reduction) = 126\nStep 3: Total downloads = 60 + 180 + 126 = 366\nFinal Answer: 366###END###'\nFinal Answer: 366###END###'####'####'####'####'####'####'####'####'####'####'####'####'####'####'####'####'####'####'####'####'####'####'####'####'####'####'####'####'####'####'####'####'####'####'####'####'####'####'####'####'####'####'####'####'####'####'####'####'####'####'####'####'####'####'####'####'####'####'####'####'####'####'####'####'####'####'####'####'####'####'####'####'####'####'####'####'####'####'####'####'####'####'####'####'####'####'####'####'####'####'####'####'####'####'####'####'####'####'####'####'####'####'####'####'####'####'####'####'####",
  "extracted_answer": "366",
  "reference_answer": "The number of downloads of the program in the second month increased to 3*60 = <<3*60=180>>180\nIn the first two months, the total number of downloads of the program was 180+60 = <<180+60=240>>240\nIn the third month, the number of downloads of the program reduced by 30/100*180 = <<30/100*180=54>>54\nThere were 180-54 = <<180-54=126>>126 downloads in the third month.\nIn the three months, the total number of downloads of the program was 126+240 = <<126+240=366>>366\n#### 366",
  "is_correct": true,
  "timestamp": 1763455192.5860136
}