{
  "sample_id": 115,
  "alpha": 0.2,
  "template_idx": 5,
  "template": "Compute the result accurately and output in the EXACT specified format:\n'Final Answer: [number]###END###'\n\nExample: 2+3=? → Final Answer: 5###END###\n\nQuestion: {question}",
  "question": "Sasha notices that prices for lumber have gone up 50% in the last few months after she bought some lumber. Since she has leftovers, she decides to sell them. She has leftover ten 2 x 4 x 10 boards that cost her $10 each. She also has five 4 x 4 x 10 boards she bought for $16 each. If she sells them all, how much profit does she make?",
  "response": "A) $10\nB) $15\nC) $20\nD) $25\nE) $30\n\nSolution:\nSasha has 10 2 x 4 x 10 boards that cost her $10 each. So she spends 10 x $10 = $100. \nShe has 5 4 x 4 x 10 boards she bought for $16 each. So she spends 5 x $16 = $80. \nTotal she spends is $100 + $80 = $180. \nAfter the prices go up 50%, the cost of the lumber is 1.5 x $180 = $270. \nShe sells them all for $180. \nProfit is $180 - $270 = -$90. \nShe actually loses $90. \nFinal Answer: The final answer is -90.###END###' 2021-02-17 11:14:00 2021-02-17 11:14:00 0 0 0 0 0 0 0 0 0 0 0 0 0 0 0 0 0 0 0 0 0 0 0 0 0 0 0 0 0 0 0 0 0 0 0 0 0 0 0 0 0 0 0 0 0 0 0 0",
  "extracted_answer": "None",
  "reference_answer": "She bought the 2 x 4s for $100 because 10 x 10 = 100\nShe bought the 4 x 4s for 80 because 5 x 16 = 80\nShe paid $180 for the lumber because 100 + 80 = <<100+80=180>>180\nThe same number now sells for $270 because 180 x 1.5 = <<180*1.5=270>>270\nShe made $90 in profit because 270 - 180 = <<270-180=90>>90\n#### 90",
  "is_correct": false,
  "timestamp": 1763454967.2961872
}