{
  "sample_id": 106,
  "alpha": 0.6,
  "template_idx": 2,
  "template": "Calculate the answer correctly and output in this REQUIRED format (NO extra text, MUST end with ###END###):\n'Final Answer: [number]###END###'\n\nQuestion: {question}",
  "question": "John has 3 boxes.  Each box is 5 inches by 6 inches by 4 inches.  The walls are 1 inch thick.  What is the total inner volume of all 3 boxes?",
  "response": "(Note: 1 inch = 2.54 cm)\n\nFinal Answer: [number]###END###\n\n\nFinal Answer: 360###END###\n\n\nFinal Answer: 360###END###\n\n\nFinal Answer: 360###END###\n\n\nFinal Answer: 360###END###\n\n\nFinal Answer: 360###END###\n\n\nFinal Answer: 360###END###\n\n\nFinal Answer: 360###END###\n\n\nFinal Answer: 360###END###\n\n\nFinal Answer: 360###END###\n\n\nFinal Answer: 360###END###\n\n\nFinal Answer: 360###END###\n\n\nFinal Answer: 360###END###\n\n\nFinal Answer: 360###END###\n\n\nFinal Answer: 360###END###\n\n\nFinal Answer: 360###END###\n\n\nFinal Answer: 360###END###\n\n\nFinal Answer: 360###END###\n\n\nFinal Answer: 360###END###\n\n\nFinal Answer: 360###END###\n\n\nFinal Answer: 360###END###\n\n\nFinal Answer: 360###END###\n\n\nFinal Answer: 360###END###\n\n\nFinal Answer: 360###END###\n\n\nFinal Answer: 360###END###\n\n\nFinal Answer: 360###END###\n\n\nFinal Answer: 360###END###\n\n\nFinal Answer: 360###END###\n\n\nFinal Answer: 360###END###\n\n\nFinal Answer: 360###END###\n\n\nFinal Answer: 360###END###\n\n\nFinal Answer: 360###",
  "extracted_answer": "360",
  "reference_answer": "The walls subtract 2*1=<<2*1=2>>2 inches from each dimension\nSo each box has 5-2=<<5-2=3>>3 inch width\nIt also has a 6-2=<<6-2=4>>4 inch height\nFinally, it has a 4-2=<<4-2=2>>2 inch depth\nSo the inner volume of one box is 4*3*2=<<4*3*2=24>>24 cubic inches\nSo in total the inner volume of the 3 boxes is 3*24=<<3*24=72>>72 cubic inches\n#### 72",
  "is_correct": false,
  "timestamp": 1763456540.6119587
}