{
  "sample_id": 106,
  "alpha": 0.2,
  "template_idx": 3,
  "template": "Act as a logical problem-solver. Explain reasoning briefly, verify calculation twice, then give final answer in:\n'Final Answer: [number]###END###'\n\nExample:\nQuestion: A robe needs 2 blue bolts, half that for white. Total bolts?\nReasoning: White bolts = 2/2 = 1; Total = 2+1=3\nFinal Answer: 3###END###\n\nQuestion: {question}",
  "question": "John has 3 boxes.  Each box is 5 inches by 6 inches by 4 inches.  The walls are 1 inch thick.  What is the total inner volume of all 3 boxes?",
  "response": "Reasoning: \nFinal Answer: [number]###END###  (Show your work)  ####  ####  ####  ####  ####  ####  ####  ####  ####  ####  ####  ####  ####  ####  ####  ####  ####  ####  ####  ####  ####  ####  ####  ####  ####  ####  ####  ####  ####  ####  ####  ####  ####  ####  ####  ####  ####  ####  ####  ####  ####  ####  ####  ####  ####  ####  ####  ####  ####  ####  ####  ####  ####  ####  ####  ####  ####  ####  ####  ####  ####  ####  ####  ####  ####  ####  ####  ####  ####  ####  ####  ####  ####  ####  ####  ####  ####  ####  ####  ####  ####  ####  ####  ####  ####  ####  ####  ####  ####  ####  ####  ####  ####  ####  ####  ####  ####  ####  ####  ####  ####  ####  ####  ####  ####  ####  ####  ####  ####  ####  ####  ####  ####  ####  ####  ####  ####  ####  ####  ####  ####  ####  ####  ####  ####  ####  ####  ####  ####  ####  ####  ####  ####  ####  ####  ####  ####  ####  ####  ####",
  "extracted_answer": "None",
  "reference_answer": "The walls subtract 2*1=<<2*1=2>>2 inches from each dimension\nSo each box has 5-2=<<5-2=3>>3 inch width\nIt also has a 6-2=<<6-2=4>>4 inch height\nFinally, it has a 4-2=<<4-2=2>>2 inch depth\nSo the inner volume of one box is 4*3*2=<<4*3*2=24>>24 cubic inches\nSo in total the inner volume of the 3 boxes is 3*24=<<3*24=72>>72 cubic inches\n#### 72",
  "is_correct": false,
  "timestamp": 1763454517.0381317
}