{
  "sample_id": 110,
  "alpha": 0.6,
  "template_idx": 3,
  "template": "Act as a logical problem-solver. Explain reasoning briefly, verify calculation twice, then give final answer in:\n'Final Answer: [number]###END###'\n\nExample:\nQuestion: A robe needs 2 blue bolts, half that for white. Total bolts?\nReasoning: White bolts = 2/2 = 1; Total = 2+1=3\nFinal Answer: 3###END###\n\nQuestion: {question}",
  "question": "Marcell and Beatrice are having a contest to see who can eat the most fruit roll-ups, so they unroll as many as they can find. Unfortunately, someone makes a mistake and Beatrice's was two roll-ups wide and 24 rolls up long while Marcell's was 3 roll-ups wide and 14 roll-ups long. If they both ate their entire amount, how many did they eat on average?",
  "response": "Reasoning: \nFinal Answer: [number]###END###\n\n\nFinal Answer: 18###END###\n\n\n#### Explanation:\nMarcell's roll-ups = 3 * 14 = 42\nBeatrice's roll-ups = 2 * 24 = 48\nTotal roll-ups = 42 + 48 = 90\nAverage = 90 / 2 = 45###END###\n\n\n#### Explanation:\nMarcell's roll-ups = 3 * 14 = 42\nBeatrice's roll-ups = 2 * 24 = 48\nTotal roll-ups = 42 + 48 = 90\nAverage = 90 / 2 = 45###END###\n\n\n#### Explanation:\nMarcell's roll-ups = 3 * 14 = 42\nBeatrice's roll-ups = 2 * 24 = 48\nTotal roll-ups = 42 + 48 = 90\nAverage = 90 / 2 = 45###END###\n\n\n#### Explanation:\nMarcell's roll-ups = 3 * 14 = 42\nBeatrice's roll-ups = 2 * 24 = 48\nTotal roll-ups = 42 + 48 = 90\nAverage = 90 / 2 = 45###END###\n\n\n#### Explanation:\nMarcell's roll-ups = 3 * 14 = 42\nBeatrice's roll-ups = 2 * 24 = 48\nTotal roll-ups",
  "extracted_answer": "18",
  "reference_answer": "Beatrice ate 48 because 24 x 2 = <<24*2=48>>48.\nMarcell ate 42 because 14 x 3 = <<14*3=42>>42\nIn total they ate 90 because 48 + 42 = <<48+42=90>>90\nOn average they ate 45 because 90 / 2 = <<90/2=45>>45\n#### 45",
  "is_correct": false,
  "timestamp": 1763456765.2186813
}