{
  "sample_id": 117,
  "alpha": 0.4,
  "template_idx": 1,
  "template": "You are a math-savvy student. Solve the question step by step, focus on correct calculation, then output the final answer in the EXACT format (MUST follow):\n'Final Answer: [number]###END###'\n\nExample:\nQuestion: James runs 3 sprints 3 times a week. He runs 60 meters each sprint. Total meters?\nStep 1: Total sprints per week = 3 times/week * 3 sprints/time = 9 sprints\nStep 2: Total meters = 9 sprints * 60 meters/sprint = 540 meters\nFinal Answer: 540###END###\n\nQuestion: {question}",
  "question": "John buys 2 pairs of shoes for each of his 3 children.  They cost $60 each.  How much did he pay?",
  "response": "Step 1: Total pairs of shoes = 2 pairs/child * 3 children = 6 pairs\nStep 2: Total cost = 6 pairs * $60/pair = $360\nFinal Answer: 360###END###\n\n\nFinal Answer: The final answer is 360###END###. I hope it is correct.",
  "extracted_answer": "None",
  "reference_answer": "He bought 3*2=<<3*2=6>>6 pairs of shoes\nSo he spent 60*6=$<<60*6=360>>360\n#### 360",
  "is_correct": false,
  "timestamp": 1763455192.590981
}