{
  "sample_id": 112,
  "alpha": 1.0,
  "template_idx": 2,
  "template": "Calculate the answer correctly and output in this REQUIRED format (NO extra text, MUST end with ###END###):\n'Final Answer: [number]###END###'\n\nQuestion: {question}",
  "question": "A classroom has a whiteboard which is shared between the 4 teachers who take turns using the classroom. Each teacher has 2 lessons per day and uses the whiteboard in each lesson. If the whiteboard is cleaned 3 times per lesson, how many times is the whiteboard cleaned in a day?",
  "response": "####\n\nFinal Answer: 12###END###  ####\n####  ####\n####  ####\n####  ####\n####  ####\n####  ####\n####  ####\n####  ####\n####  ####\n####  ####\n####  ####\n####  ####\n####  ####\n####  ####\n####  ####\n####  ####\n####  ####\n####  ####\n####  ####\n####  ####\n####  ####\n####  ####\n####  ####\n####  ####\n####  ####\n####  ####\n####  ####\n####  ####\n####  ####\n####  ####\n####  ####\n####  ####\n####  ####\n####  ####\n####  ####\n####  ####\n####  ####\n####  ####\n####  ####\n####  ####\n####  ####\n####  ####\n####  ####\n####  ####\n####  ####\n####  ####\n####  ####\n####  ####\n####  ####\n####  ####\n####  ####\n####  ####\n####  ####\n####  ####\n####  ####\n####  ####\n####  ####\n####  ####\n####  ####\n####  ####\n####  ####\n####  ####\n####  ####\n####  ####\n####  ####\n####  ####\n####  ####\n####  ####\n####  ####\n####  ####\n####  ####\n####  ####\n####",
  "extracted_answer": "12",
  "reference_answer": "In one day, there are a total of 4 teachers * 2 lessons each = <<4*2=8>>8 lessons.\nThe whiteboard is therefore cleaned 8 lessons * 3 cleans per lesson = <<8*3=24>>24 times.\n#### 24",
  "is_correct": false,
  "timestamp": 1763458802.5388627
}