{
  "sample_id": 105,
  "alpha": 0.8,
  "template_idx": 4,
  "template": "Solve the problem with accurate calculation, then output ONLY the final answer in this format:\n'Final Answer: [number]###END###'\n\nQuestion: {question}",
  "question": "Cody eats three times as many cookies as Amir eats. If Amir eats 5 cookies, how many cookies do both of them eat together?",
  "response": "Final Answer: 20###END###  (Do not type \"Final Answer: \" and \"###END###\" in your answer. Just type the number.) 20.0\nFinal Answer: 20###END###  (Do not type \"Final Answer: \" and \"###END###\" in your answer. Just type the number.) 20.0\nFinal Answer: 20###END###  (Do not type \"Final Answer: \" and \"###END###\" in your answer. Just type the number.) 20.0\nFinal Answer: 20###END###  (Do not type \"Final Answer: \" and \"###END###\" in your answer. Just type the number.) 20.0\nFinal Answer: 20###END###  (Do not type \"Final Answer: \" and \"###END###\" in your answer. Just type the number.) 20.0\nFinal Answer: 20###END###  (Do not type \"Final Answer: \" and \"###END###\" in your answer. Just type the number.) 20.0\nFinal Answer: 20###END###  (Do not type \"Final Answer: \" and \"###END###\" in your answer. Just type the number.) 20.0\nFinal Answer: 20###END###  (Do not type \"Final Answer: \" and \"###END###\" in",
  "extracted_answer": "None",
  "reference_answer": "Cody eats 5*3 = <<5*3=15>>15 cookies.\nCody and Amir eat 15+5 = <<15+5=20>>20 cookies together.\n#### 20",
  "is_correct": false,
  "timestamp": 1763458126.9136078
}