{
  "sample_id": 100,
  "alpha": 0.8,
  "template_idx": 1,
  "template": "You are a math-savvy student. Solve the question step by step, focus on correct calculation, then output the final answer in the EXACT format (MUST follow):\n'Final Answer: [number]###END###'\n\nExample:\nQuestion: James runs 3 sprints 3 times a week. He runs 60 meters each sprint. Total meters?\nStep 1: Total sprints per week = 3 times/week * 3 sprints/time = 9 sprints\nStep 2: Total meters = 9 sprints * 60 meters/sprint = 540 meters\nFinal Answer: 540###END###\n\nQuestion: {question}",
  "question": "Jerome had 4 friends who came to visit him on a certain day. The first friend pressed on the doorbell 20 times before Jerome opened, the second friend pressed on the doorbell 1/4 times more than Jerome's first friend. The third friend pressed on the doorbell 10 times more than the fourth friend. If the fourth friend pressed on the doorbell 60 times, how many doorbell rings did the doorbell make?",
  "response": "Step 1: Second friend pressed on the doorbell = 20 * (1 + 1/4) = 20 * (1.25) = 25 times\nStep 2: Third friend pressed on the doorbell = 60 + 10 = 70 times\nStep 3: Total doorbell rings = 20 + 25 + 60 + 70 = 175 times\nFinal Answer: 175###END###\n\n\nFinal Answer: 175###END###\n\n\nFinal Answer: 175###END###\n\n\nFinal Answer: 175###END###\n\n\nFinal Answer: 175###END###\n\n\nFinal Answer: 175###END###\n\n\nFinal Answer: 175###END###\n\n\nFinal Answer: 175###END###\n\n\nFinal Answer: 175###END###\n\n\nFinal Answer: 175###END###\n\n\nFinal Answer: 175###END###\n\n\nFinal Answer: 175###END###\n\n\nFinal Answer: 175###END###\n\n\nFinal Answer: 175###END###\n\n\nFinal Answer: 175###END###\n\n\nFinal Answer: 175###END###\n\n\nFinal Answer: 175###END###\n\n\nFinal Answer: 175###END###\n\n\nFinal Answer: 175###END###\n\n\nFinal Answer: 175###END###\n\n\nFinal Answer: 175###END###\n\n\nFinal Answer: 175###END###\n\n\nFinal Answer: 175###END###\n\n\nFinal Answer: 175###END###",
  "extracted_answer": "175",
  "reference_answer": "The second friend pressed on the doorbell 1/4 times more than Jerome's first friend, a total of 1/4*20=<<1/4*20=5>>5 times.\nJerome's second friend pressed on the doorbell 20+5=<<20+5=25>>25\nThe first two friends pressed on the doorbell 25+20=<<25+20=45>>45 times altogether before Jerome could open the door.\nJerome's third friend pressed on the doorbell 60+10=<<60+10=70>>70 times before Jerome could open the door.\nAltogether, Jerome's third and fourth friends pressed on the doorbell 70+60=<<70+60=130>>130 times before Jerome could open.\nThe number of doorbell rings that Jerome's friend made before Jerome could open the door is 130+45=<<130+45=175>>175 times.\n#### 175",
  "is_correct": true,
  "timestamp": 1763457445.5506325
}