{
  "sample_id": 115,
  "alpha": 0.8,
  "template_idx": 2,
  "template": "Calculate the answer correctly and output in this REQUIRED format (NO extra text, MUST end with ###END###):\n'Final Answer: [number]###END###'\n\nQuestion: {question}",
  "question": "Sasha notices that prices for lumber have gone up 50% in the last few months after she bought some lumber. Since she has leftovers, she decides to sell them. She has leftover ten 2 x 4 x 10 boards that cost her $10 each. She also has five 4 x 4 x 10 boards she bought for $16 each. If she sells them all, how much profit does she make?",
  "response": "#### 1. Convert the prices to the new price level after the 50% increase. \n#### 2. Calculate the total cost of the lumber.\n#### 3. Calculate the total revenue from selling the lumber.\n#### 4. Calculate the profit by subtracting the total cost from the total revenue.\n\n#### Convert the prices to the new price level after the 50% increase. \n#### 50% increase means 1.5 times the original price. So, \n#### 10 x 1.5 = 15\n#### 16 x 1.5 = 24\n\n#### Calculate the total cost of the lumber.\n#### The total cost is the sum of the cost of the 2 x 4 x 10 boards and the 4 x 4 x 10 boards. \n#### 10 x 10 = 100\n#### 5 x 24 = 120\n#### 100 + 120 = 220\n\n#### Calculate the total revenue from selling the lumber.\n#### The total revenue is the sum of the revenue from the 2 x 4 x 10 boards and the 4 x 4 x 10 boards. \n#### 10 x 15 = 150\n#### 5 x 24 = 120\n#### 150 + 120 = 270\n\n#### Calculate the profit by subtracting the total cost from the total revenue.\n#### 270 - 220 = 50\n\n#### Final Answer:",
  "extracted_answer": "None",
  "reference_answer": "She bought the 2 x 4s for $100 because 10 x 10 = 100\nShe bought the 4 x 4s for 80 because 5 x 16 = 80\nShe paid $180 for the lumber because 100 + 80 = <<100+80=180>>180\nThe same number now sells for $270 because 180 x 1.5 = <<180*1.5=270>>270\nShe made $90 in profit because 270 - 180 = <<270-180=90>>90\n#### 90",
  "is_correct": false,
  "timestamp": 1763457673.0761447
}