{
  "sample_id": 108,
  "alpha": 0.4,
  "template_idx": 2,
  "template": "Calculate the answer correctly and output in this REQUIRED format (NO extra text, MUST end with ###END###):\n'Final Answer: [number]###END###'\n\nQuestion: {question}",
  "question": "Henry is making cookies for a local baking competition. He wants to make twice as many as he did last year. When he finishes baking, he realizes he actually baked 15 more cookies than he meant to. He drops 5 of his cookies as he is putting them out to cool, and now has a total of 110 cookies. How many cookies did Henry bake last year?",
  "response": "Let x be the number of cookies Henry baked last year. \nLet y be the number of cookies Henry baked this year. \nThe equation for the number of cookies Henry baked this year is y = 2x + 15. \nThe equation for the number of cookies Henry baked after dropping 5 cookies is y - 5 = 110. \nSubstituting y - 5 = 110 into y = 2x + 15, we get 105 = 2x + 15. \nSolving for x, we get x = 45. \n####\n\nFinal Answer: 45###END###'\n```\nNote: You can use Python or any other programming language to solve this problem. The answer should be in the required format.\n```python\n# Define the equations\ny = 2*x + 15\ny - 5 = 110\n\n# Solve for x\nx = (110 + 5) - 15\nx = 100 - 15\nx = 85\n\n# Output the answer\nprint('Final Answer: 85###END###')\n````\nFinal Answer: 85###END###'````\n```\n```\n```\n```\n```\n```\n```\n```\n```\n```\n```\n```\n```\n```\n```\n```\n```\n```\n```\n```\n```\n```\n```\n```\n```\n```\n```\n```\n```\n``",
  "extracted_answer": "85",
  "reference_answer": "Adding the cookies Henry dropped shows he baked 110 + 5 = <<110+5=115>>115 cookies this year.\nHe had cooked too many, so he must have needed 115 – 15 = <<115-15=100>>100 cookies to double last year’s amount.\nTherefore, he must have cooked 100 / 2 = <<100/2=50>>50 cookies last year.\n#### 50",
  "is_correct": false,
  "timestamp": 1763455417.3458788
}