{
  "sample_id": 105,
  "alpha": 0.4,
  "template_idx": 5,
  "template": "Compute the result accurately and output in the EXACT specified format:\n'Final Answer: [number]###END###'\n\nExample: 2+3=? → Final Answer: 5###END###\n\nQuestion: {question}",
  "question": "Cody eats three times as many cookies as Amir eats. If Amir eats 5 cookies, how many cookies do both of them eat together?",
  "response": "A) 10\nB) 15\nC) 20\nD) 25\nE) 30\n\nFinal Answer: B) 15###END###.  Final Answer: B) 15###END###.  Final Answer: B) 15###END###.  Final Answer: B) 15###END###.  Final Answer: B) 15###END###.  Final Answer: B) 15###END###.  Final Answer: B) 15###END###.  Final Answer: B) 15###END###.  Final Answer: B) 15###END###.  Final Answer: B) 15###END###.  Final Answer: B) 15###END###.  Final Answer: B) 15###END###.  Final Answer: B) 15###END###.  Final Answer: B) 15###END###.  Final Answer: B) 15###END###.  Final Answer: B) 15###END###.  Final Answer: B) 15###END###.  Final Answer: B) 15###END###.  Final Answer: B) 15###END###.  Final Answer: B) 15###END###.  Final Answer: B) 15###END###.  Final Answer: B) 15###END###.  Final Answer: B) 15###END###",
  "extracted_answer": "None",
  "reference_answer": "Cody eats 5*3 = <<5*3=15>>15 cookies.\nCody and Amir eat 15+5 = <<15+5=20>>20 cookies together.\n#### 20",
  "is_correct": false,
  "timestamp": 1763456090.6860392
}