{
  "sample_id": 117,
  "alpha": 0.4,
  "template_idx": 2,
  "template": "Calculate the answer correctly and output in this REQUIRED format (NO extra text, MUST end with ###END###):\n'Final Answer: [number]###END###'\n\nQuestion: {question}",
  "question": "John buys 2 pairs of shoes for each of his 3 children.  They cost $60 each.  How much did he pay?",
  "response": "Final Answer: [number]###END###'  (Note: The answer is a whole number.) \n\nSolution: \nJohn buys 2 pairs of shoes for each of his 3 children.  So he buys 2 * 3 = 6 pairs of shoes.  Each pair costs $60.  So he pays 6 * 60 = 360. \nFinal Answer: 360###END###'  (Note: The answer is a whole number.)  ```python\n# Your code here\n# Calculate the total cost of the shoes\ntotal_cost = 2 * 3 * 60\n\n# Output the result in the required format\nprint(f'Final Answer: {total_cost}###END###')\n```  ```python\n# Your code here\n# Calculate the total cost of the shoes\ntotal_cost = 2 * 3 * 60\n\n# Output the result in the required format\nprint('Final Answer:'+ str(total_cost) + '###END###')\n```  ```python\n# Your code here\n# Calculate the total cost of the shoes\ntotal_cost = 2 * 3 * 60\n\n# Output the result in the required format\nprint('Final Answer:'+ str(total_cost) + '###END###')\n```  ```python\n# Your code here\n# Calculate the total cost of the shoes\ntotal_cost = 2 * 3 * 60\n\n# Output the result",
  "extracted_answer": "None",
  "reference_answer": "He bought 3*2=<<3*2=6>>6 pairs of shoes\nSo he spent 60*6=$<<60*6=360>>360\n#### 360",
  "is_correct": false,
  "timestamp": 1763455417.3463135
}