{
  "sample_id": 10,
  "alpha": 1.0,
  "template_idx": 3,
  "template": "Act as a logical problem-solver. Explain reasoning briefly, verify calculation twice, then give final answer in:\n'Final Answer: [number]###END###'\n\nExample:\nQuestion: A robe needs 2 blue bolts, half that for white. Total bolts?\nReasoning: White bolts = 2/2 = 1; Total = 2+1=3\nFinal Answer: 3###END###\n\nQuestion: {question}",
  "question": "A new program had 60 downloads in the first month. The number of downloads in the second month was three times as many as the downloads in the first month, but then reduced by 30% in the third month. How many downloads did the program have total over the three months?",
  "response": "Final Answer: [number]###END###  (Show your work!)  #######  #######  #######  #######  #######  #######  #######  #######  #######  #######  #######  #######  #######  #######  #######  #######  #######  #######  #######  #######  #######  #######  #######  #######  #######  #######  #######  #######  #######  #######  #######  #######  #######  #######  #######  #######  #######  #######  #######  #######  #######  #######  #######  #######  #######  #######  #######  #######  #######  #######  #######  #######  #######  #######  #######  #######  #######  #######  #######  #######  #######  #######  #######  #######  #######  #######  #######  #######  #######  #######  #######  #######  #######  #######  #######  #######  #######  #######  #######  #######  #######  #######  #######  #######  #######  #######  #######  #######  #######  #######  #######  #######  #######  #######  ####",
  "extracted_answer": "None",
  "reference_answer": "The number of downloads of the program in the second month increased to 3*60 = <<3*60=180>>180\nIn the first two months, the total number of downloads of the program was 180+60 = <<180+60=240>>240\nIn the third month, the number of downloads of the program reduced by 30/100*180 = <<30/100*180=54>>54\nThere were 180-54 = <<180-54=126>>126 downloads in the third month.\nIn the three months, the total number of downloads of the program was 126+240 = <<126+240=366>>366\n#### 366",
  "is_correct": false,
  "timestamp": 1763459027.3820977
}