{
  "sample_id": 107,
  "alpha": 0.6,
  "template_idx": 5,
  "template": "Compute the result accurately and output in the EXACT specified format:\n'Final Answer: [number]###END###'\n\nExample: 2+3=? → Final Answer: 5###END###\n\nQuestion: {question}",
  "question": "Frankie watches TV after he finishes his homework every night. On Monday and Tuesday, he watched a 1-hour episode of his favorite show each night. On Wednesday, he watched a few episodes of a 30-minute show. On Thursday, he finished homework early and watched a 1-hour episode and a 30-minute show. On Friday, he got to stay up late for the weekend, so he watched two 1-hour episodes. If he watched 7 hours of TV in all, how many 30-minute episodes did he watch on Wednesday?",
  "response": "Final Answer: 1###END###. I hope it is correct.  Please let me know if I am wrong. \n\nSolution:\nLet's break down Frankie's TV watching schedule:\n\nMonday: 1 hour\nTuesday: 1 hour\nWednesday: 30-minute shows\nThursday: 1 hour + 30 minutes\nFriday: 2 hours\n\nTotal hours watched: 7 hours\n\nFrom Monday to Thursday, Frankie watched 4 hours of TV. The remaining 3 hours were watched on Friday.\n\nFrom Thursday, we know that Frankie watched 1 hour + 30 minutes = 1.5 hours. So, the remaining 3 hours on Friday were 2 hours.\n\nNow, let's calculate the total number of 30-minute shows Frankie watched on Wednesday:\n\nWednesday's TV time = 7 hours - (1 + 1 + 1.5 + 2) = 7 - 5.5 = 1.5 hours\n\nSince each 30-minute show is 0.5 hours, Frankie watched:\n\n1.5 hours / 0.5 hours per show = 3 shows\n\nSo, Frankie watched 3 30-minute episodes on Wednesday. \n\nFinal Answer: 3###END###. I hope it is correct.  Please let me know if I am wrong.  I will be happy to correct it.  Thank you.  I hope I got it right.  I will be happy to help with any other",
  "extracted_answer": "3",
  "reference_answer": "Let W be the number of episodes he watched on Wednesday.\nAfter Monday, he had 7 - 1 = <<7-1=6>>6 hours of TV left.\nAfter Tuesday, he had 6 - 1 = <<6-1=5>>5 hours of TV left.\nAfter Thursday, he had 5 - 1 - 1/2 = 3 1/2 hours of TV left.\nAfter Friday, he had 3 1/2 - 2 = 1 1/2 hours of TV left.\nEach 30-minute episode is 1/2 hour.\nThus, W = 1 1/2 / 1/2 = 3 episodes.\n#### 3",
  "is_correct": true,
  "timestamp": 1763457218.1040106
}