{
  "sample_id": 117,
  "alpha": 0.6,
  "template_idx": 4,
  "template": "Solve the problem with accurate calculation, then output ONLY the final answer in this format:\n'Final Answer: [number]###END###'\n\nQuestion: {question}",
  "question": "John buys 2 pairs of shoes for each of his 3 children.  They cost $60 each.  How much did he pay?",
  "response": "Final Answer: 360END###  #######  #######  #######  #######  #######  #######  #######  #######  #######  #######  #######  #######  #######  #######  #######  #######  #######  #######  #######  #######  #######  #######  #######  #######  #######  #######  #######  #######  #######  #######  #######  #######  #######  #######  #######  #######  #######  #######  #######  #######  #######  #######  #######  #######  #######  #######  #######  #######  #######  #######  #######  #######  #######  #######  #######  #######  #######  #######  #######  #######  #######  #######  #######  #######  #######  #######  #######  #######  #######  #######  #######  #######  #######  #######  #######  #######  #######  #######  #######  #######  #######  #######  #######  #######  #######  #######  #######  #######  #######  #######  #######  #######  #######  #######  #######  #######  #######",
  "extracted_answer": "360",
  "reference_answer": "He bought 3*2=<<3*2=6>>6 pairs of shoes\nSo he spent 60*6=$<<60*6=360>>360\n#### 360",
  "is_correct": true,
  "timestamp": 1763456990.7255244
}