{
  "sample_id": 115,
  "alpha": 0.6,
  "template_idx": 2,
  "template": "Calculate the answer correctly and output in this REQUIRED format (NO extra text, MUST end with ###END###):\n'Final Answer: [number]###END###'\n\nQuestion: {question}",
  "question": "Sasha notices that prices for lumber have gone up 50% in the last few months after she bought some lumber. Since she has leftovers, she decides to sell them. She has leftover ten 2 x 4 x 10 boards that cost her $10 each. She also has five 4 x 4 x 10 boards she bought for $16 each. If she sells them all, how much profit does she make?",
  "response": "A) 5\nB) 10\nC) 15\nD) 20\nE) 25\nF) 30\nG) 35\nH) 40\nI) 45\nJ) 50\n\n#### 50\n#### 50\n#### 50\n#### 50\n#### 50\n#### 50\n#### 50\n#### 50\n#### 50\n#### 50\n#### 50\n#### 50\n#### 50\n#### 50\n#### 50\n#### 50\n#### 50\n#### 50\n#### 50\n#### 50\n#### 50\n#### 50\n#### 50\n#### 50\n#### 50\n#### 50\n#### 50\n#### 50\n#### 50\n#### 50\n#### 50\n#### 50\n#### 50\n#### 50\n#### 50\n#### 50\n#### 50\n#### 50\n#### 50\n#### 50\n#### 50\n#### 50\n#### 50\n#### 50\n#### 50\n#### 50\n#### 50\n#### 50\n#### 50\n#### 50\n#### 50\n#### 50\n#### 50\n#### 50\n#### 50\n#### 50\n#### 50\n#### 50\n#### 50\n#### 50\n#### 50\n#### 50\n####",
  "extracted_answer": "None",
  "reference_answer": "She bought the 2 x 4s for $100 because 10 x 10 = 100\nShe bought the 4 x 4s for 80 because 5 x 16 = 80\nShe paid $180 for the lumber because 100 + 80 = <<100+80=180>>180\nThe same number now sells for $270 because 180 x 1.5 = <<180*1.5=270>>270\nShe made $90 in profit because 270 - 180 = <<270-180=90>>90\n#### 90",
  "is_correct": false,
  "timestamp": 1763456540.6124003
}