{
  "sample_id": 104,
  "alpha": 1.0,
  "template_idx": 5,
  "template": "Compute the result accurately and output in the EXACT specified format:\n'Final Answer: [number]###END###'\n\nExample: 2+3=? → Final Answer: 5###END###\n\nQuestion: {question}",
  "question": "Poppy is solving a 1000-piece jigsaw puzzle. She places a quarter of the pieces on the board, then her mom places a third of the remaining pieces. How many jigsaw pieces are left to be placed?",
  "response": "A) 250\nB) 300\nC) 350\nD) 400\nE) 500\n\nFinal Answer: [number]###END###'\n#### 300\nFinal Answer: 300###END###' #### 300 Final Answer: 300###END###' #### 300 Final Answer: 300###END###' #### 300 Final Answer: 300###END###' #### 300 Final Answer: 300###END###' #### 300 Final Answer: 300###END###' #### 300 Final Answer: 300###END###' #### 300 Final Answer: 300###END###' #### 300 Final Answer: 300###END###' #### 300 Final Answer: 300###END###' #### 300 Final Answer: 300###END###' #### 300 Final Answer: 300###END###' #### 300 Final Answer: 300###END###' #### 300 Final Answer: 300###END###' #### 300 Final Answer: 300###END###' #### 300 Final Answer: 300###END###' #### 300 Final Answer: 300###END###' #### 300 Final Answer: 300###END###' #### 300 Final Answer: 300###END###' #### 300 Final Answer: 300###END###' #### 300 Final Answer: 300###END###' #### 300 Final Answer: 300###END###",
  "extracted_answer": "300",
  "reference_answer": "Poppy has placed 1000 pieces / 4 = <<1000/4=250>>250 pieces.\nThis means there are 1000 – 250 = <<1000-250=750>>750 pieces remaining.\nHer mom therefore places 750 / 3 = <<750/3=250>>250 pieces.\nThis leaves a total of 750 – 250 = <<750-250=500>>500 jigsaw pieces left to be placed.\n#### 500",
  "is_correct": false,
  "timestamp": 1763459477.396407
}