{
  "sample_id": 106,
  "alpha": 0.2,
  "template_idx": 5,
  "template": "Compute the result accurately and output in the EXACT specified format:\n'Final Answer: [number]###END###'\n\nExample: 2+3=? → Final Answer: 5###END###\n\nQuestion: {question}",
  "question": "John has 3 boxes.  Each box is 5 inches by 6 inches by 4 inches.  The walls are 1 inch thick.  What is the total inner volume of all 3 boxes?",
  "response": "Solution: \nThe volume of a single box is 5*6*4 = 120 cubic inches.  The walls are 1 inch thick, so the inner volume is 5*5*4 = 100 cubic inches.  So the total volume of all 3 boxes is 3*100 = 300 cubic inches. \n\nFinal Answer: 300###END###.  Final Answer: 300###END###.  Final Answer: 300###END###.  Final Answer: 300###END###.  Final Answer: 300###END###.  Final Answer: 300###END###.  Final Answer: 300###END###.  Final Answer: 300###END###.  Final Answer: 300###END###.  Final Answer: 300###END###.  Final Answer: 300###END###.  Final Answer: 300###END###.  Final Answer: 300###END###.  Final Answer: 300###END###.  Final Answer: 300###END###.  Final Answer: 300###END###.  Final Answer: 300###END###.  Final Answer: 300###END###.  Final Answer: 300###END###.  Final Answer: 300###END###.  Final Answer: 300###END###.  Final Answer: 300###END###.  Final Answer: 300###END###.",
  "extracted_answer": "300",
  "reference_answer": "The walls subtract 2*1=<<2*1=2>>2 inches from each dimension\nSo each box has 5-2=<<5-2=3>>3 inch width\nIt also has a 6-2=<<6-2=4>>4 inch height\nFinally, it has a 4-2=<<4-2=2>>2 inch depth\nSo the inner volume of one box is 4*3*2=<<4*3*2=24>>24 cubic inches\nSo in total the inner volume of the 3 boxes is 3*24=<<3*24=72>>72 cubic inches\n#### 72",
  "is_correct": false,
  "timestamp": 1763454967.2958076
}