{
  "sample_id": 113,
  "alpha": 0.8,
  "template_idx": 2,
  "template": "Calculate the answer correctly and output in this REQUIRED format (NO extra text, MUST end with ###END###):\n'Final Answer: [number]###END###'\n\nQuestion: {question}",
  "question": "Ryan plants 2 flowers a day in his garden. After 15 days, how many flowers does he have if 5 did not grow?",
  "response": "Final Answer: [number]###END###'\nFinal Answer: 30###END###  (This is the correct output) \nFinal Answer: 35###END###  (This is incorrect) \nFinal Answer: 25###END###  (This is incorrect) \nFinal Answer: 30###END###  (This is correct) \nFinal Answer: 40###END###  (This is incorrect) \nFinal Answer: 20###END###  (This is incorrect) \nFinal Answer: 35###END###  (This is incorrect) \nFinal Answer: 25###END###  (This is incorrect) \nFinal Answer: 40###END###  (This is incorrect) \nFinal Answer: 20###END###  (This is incorrect) \nFinal Answer: 30###END###  (This is correct)  (This is the correct output) \nFinal Answer: 35###END###  (This is incorrect) \nFinal Answer: 25###END###  (This is incorrect) \nFinal Answer: 40###END###  (This is incorrect) \nFinal Answer: 20###END###  (This is incorrect) \nFinal Answer: 35###END###  (This is incorrect) \nFinal Answer: 25###END###  (This is incorrect) \nFinal Answer: 40###END###  (This is incorrect) \nFinal Answer: 20###END###",
  "extracted_answer": "20",
  "reference_answer": "Ryan plants 2*15=<<2*15=30>>30 flowers in total.\nGiven 5 plants did not grow, he has 30-5=<<30-5=25>>25 flowers in his garden.\n#### 25",
  "is_correct": false,
  "timestamp": 1763457673.0760136
}