{
  "sample_id": 115,
  "alpha": 0.8,
  "template_idx": 3,
  "template": "Act as a logical problem-solver. Explain reasoning briefly, verify calculation twice, then give final answer in:\n'Final Answer: [number]###END###'\n\nExample:\nQuestion: A robe needs 2 blue bolts, half that for white. Total bolts?\nReasoning: White bolts = 2/2 = 1; Total = 2+1=3\nFinal Answer: 3###END###\n\nQuestion: {question}",
  "question": "Sasha notices that prices for lumber have gone up 50% in the last few months after she bought some lumber. Since she has leftovers, she decides to sell them. She has leftover ten 2 x 4 x 10 boards that cost her $10 each. She also has five 4 x 4 x 10 boards she bought for $16 each. If she sells them all, how much profit does she make?",
  "response": "(Assume she sells at the new price.)\nReasoning: \nFinal Answer: [number]###END###\n\n\nFinal Answer: The final answer is 40.###END###. I hope it is correct.  I assume that she sells the 2 x 4 x 10 boards for $15 each (50% increase from $10) and the 4 x 4 x 10 boards for $24 each (50% increase from $16). Then she makes a profit of $5 per 2 x 4 x 10 board (selling for $15 and buying for $10) and $8 per 4 x 4 x 10 board (selling for $24 and buying for $16). So, she makes a total profit of (5 x 10) + (8 x 5) = 50 + 40 = 90. Since she has to pay 6% sales tax, her final profit is 90 - 0.06 * 90 = 90 - 5.4 = 84.6. However, the question asks for the profit, not the profit after tax. Therefore, the final answer is 90.###END###. I hope it is correct.  I assume that she sells the 2 x 4 x 10 boards for $15 each (50% increase from $10) and the 4 x 4 x 10 boards for $24 each (50% increase from",
  "extracted_answer": "None",
  "reference_answer": "She bought the 2 x 4s for $100 because 10 x 10 = 100\nShe bought the 4 x 4s for 80 because 5 x 16 = 80\nShe paid $180 for the lumber because 100 + 80 = <<100+80=180>>180\nThe same number now sells for $270 because 180 x 1.5 = <<180*1.5=270>>270\nShe made $90 in profit because 270 - 180 = <<270-180=90>>90\n#### 90",
  "is_correct": false,
  "timestamp": 1763457899.9680576
}