{
  "sample_id": 0,
  "alpha": 1.0,
  "template_idx": 5,
  "template": "Compute the result accurately and output in the EXACT specified format:\n'Final Answer: [number]###END###'\n\nExample: 2+3=? → Final Answer: 5###END###\n\nQuestion: {question}",
  "question": "Janet’s ducks lay 16 eggs per day. She eats three for breakfast every morning and bakes muffins for her friends every day with four. She sells the remainder at the farmers' market daily for $2 per fresh duck egg. How much in dollars does she make every day at the farmers' market?",
  "response": "A) $8\nB) $10\nC) $12\nD) $16\nE) $20\n\nFinal Answer: [number]###END###'. Let me know if you want me to explain the solution. I will be happy to do so. \n\nFinal Answer: B) $10###END###'. I hope it is correct. Let me know if I made any mistake. I will be happy to explain the solution. \n\nThe solution is as follows:\n\nLet's first find out how many eggs Janet has left after eating three for breakfast and baking muffins for her friends with four. \nJanet’s ducks lay 16 eggs per day. \nShe eats three for breakfast every morning, so she has 16 - 3 = 13 eggs left. \nShe bakes muffins for her friends with four, so she has 13 - 4 = 9 eggs left. \nShe sells the remainder at the farmers' market daily for $2 per fresh duck egg. \nSo, she makes 9 x 2 = $18. \nBut, she makes $18, and she has to pay $8 for the four eggs she used for baking muffins. \nSo, she makes $18 - $8 = $10. \nHence, the correct answer is B) $10. \n\nI hope it is correct. Let me know if I made any mistake. I will be happy to explain the solution.  Thank you",
  "extracted_answer": "None",
  "reference_answer": "Janet sells 16 - 3 - 4 = <<16-3-4=9>>9 duck eggs a day.\nShe makes 9 * 2 = $<<9*2=18>>18 every day at the farmer’s market.\n#### 18",
  "is_correct": false,
  "timestamp": 1763459477.3921216
}