{
  "sample_id": 114,
  "alpha": 0.2,
  "template_idx": 5,
  "template": "Compute the result accurately and output in the EXACT specified format:\n'Final Answer: [number]###END###'\n\nExample: 2+3=? → Final Answer: 5###END###\n\nQuestion: {question}",
  "question": "Jamal's phone can hold 6 times more photographs than can Brittany's phone.  The maximum number of photographs that Brittany's phone can hold is 50 times more than the number of birds in Jamal's photograph of the ducks at the zoo.  If Jamal's phone can hold 1800 photographs, how many ducks can be seen in Jamal's photograph of ducks at the zoo?",
  "response": "Final Answer: [number]###END###.  (Note: 50 is not a multiple of 6, so we need to solve this problem using algebra.)  Let x be the number of ducks in Jamal's photograph.  Then Brittany's phone can hold 50x photographs.  Since Jamal's phone can hold 6 times more photographs than Brittany's phone, Jamal's phone can hold 6(50x) = 300x photographs.  We know that Jamal's phone can hold 1800 photographs, so 300x = 1800.  We can solve this equation for x to find that x = 6.  Therefore, there are 6 ducks in Jamal's photograph.  Final Answer: 6###END###.  (Note:  The answer is 6, not 6.0.)  Final Answer: [number]###END###.  (Note:  The answer is 6, not 6.0.)  Final Answer: 6###END###.  (Note:  The answer is 6, not 6.0.)  Final Answer: 6###END###.  (Note:  The answer is 6, not 6.0.)  Final Answer: 6###END###.  (Note:  The answer is 6, not 6.0.)  Final Answer: 6###END###.  (Note:  The answer is",
  "extracted_answer": "6",
  "reference_answer": "Since Jamal's phone can hold 1800 photos, which is 6 times more than Brittany's phone can hold, Brittany's phone can hold `1800/6=<<1800/6=300>>300 photographs.\nSince Brittany's phone can hold 50 times more photos than the number of birds in Jamal's photograph, then 300/50=6 ducks can be seen in Jamal's photograph of ducks at the zoo.\n#### 6",
  "is_correct": true,
  "timestamp": 1763454967.2961502
}