{
  "sample_id": 0,
  "alpha": 0.6,
  "template_idx": 5,
  "template": "Compute the result accurately and output in the EXACT specified format:\n'Final Answer: [number]###END###'\n\nExample: 2+3=? → Final Answer: 5###END###\n\nQuestion: {question}",
  "question": "Janet’s ducks lay 16 eggs per day. She eats three for breakfast every morning and bakes muffins for her friends every day with four. She sells the remainder at the farmers' market daily for $2 per fresh duck egg. How much in dollars does she make every day at the farmers' market?",
  "response": "A) 20\nB) 24\nC) 28\nD) 32\nE) 36\n\nSolution: \nJanet lays 16 eggs per day. She eats 3 and bakes 4, so she has 16 - 3 - 4 = 9 eggs left. She sells 9 eggs for 2 dollars each, so she makes 9 * 2 = 18 dollars. \nFinal Answer: A) 20###END###. I hope it is correct.  ######  ######  ######  ######  ######  ######  ######  ######  ######  ######  ######  ######  ######  ######  ######  ######  ######  ######  ######  ######  ######  ######  ######  ######  ######  ######  ######  ######  ######  ######  ######  ######  ######  ######  ######  ######  ######  ######  ######  ######  ######  ######  ######  ######  ######  ######  ######  ######  ######  ######  ######  ######  ######  ######  ######  ######  ######  ######  ######  ######  ######  ######  ######  ######",
  "extracted_answer": "None",
  "reference_answer": "Janet sells 16 - 3 - 4 = <<16-3-4=9>>9 duck eggs a day.\nShe makes 9 * 2 = $<<9*2=18>>18 every day at the farmer’s market.\n#### 18",
  "is_correct": false,
  "timestamp": 1763457218.0993106
}