{
  "sample_id": 112,
  "alpha": 0.8,
  "template_idx": 3,
  "template": "Act as a logical problem-solver. Explain reasoning briefly, verify calculation twice, then give final answer in:\n'Final Answer: [number]###END###'\n\nExample:\nQuestion: A robe needs 2 blue bolts, half that for white. Total bolts?\nReasoning: White bolts = 2/2 = 1; Total = 2+1=3\nFinal Answer: 3###END###\n\nQuestion: {question}",
  "question": "A classroom has a whiteboard which is shared between the 4 teachers who take turns using the classroom. Each teacher has 2 lessons per day and uses the whiteboard in each lesson. If the whiteboard is cleaned 3 times per lesson, how many times is the whiteboard cleaned in a day?",
  "response": "Reasoning: Teachers = 4; Lessons per day = 2; Cleanings per lesson = 3; Total cleanings per day =?###END###\n\n\nFinal Answer: 24###END###\n\n\nExplanation: \n4 teachers * 2 lessons per day * 3 cleanings per lesson = 24 cleanings per day. \nThis is because each teacher has 2 lessons per day, and each lesson requires 3 cleanings. So, the total number of cleanings per day is 4 * 2 * 3 = 24. \nThis is a simple multiplication problem. \nFinal Answer: 24###END###. I hope it is correct.",
  "extracted_answer": "24",
  "reference_answer": "In one day, there are a total of 4 teachers * 2 lessons each = <<4*2=8>>8 lessons.\nThe whiteboard is therefore cleaned 8 lessons * 3 cleans per lesson = <<8*3=24>>24 times.\n#### 24",
  "is_correct": true,
  "timestamp": 1763457899.9678922
}