{
  "sample_id": 115,
  "alpha": 1.0,
  "template_idx": 4,
  "template": "Solve the problem with accurate calculation, then output ONLY the final answer in this format:\n'Final Answer: [number]###END###'\n\nQuestion: {question}",
  "question": "Sasha notices that prices for lumber have gone up 50% in the last few months after she bought some lumber. Since she has leftovers, she decides to sell them. She has leftover ten 2 x 4 x 10 boards that cost her $10 each. She also has five 4 x 4 x 10 boards she bought for $16 each. If she sells them all, how much profit does she make?",
  "response": "The profit is the difference between the amount of money she makes and the amount of money she spent.\n\nFinal Answer: $55###END###' \n\nSolution:\n\nLet's calculate the total amount of money Sasha spent on the lumber:\nShe bought 10 2 x 4 x 10 boards for $10 each, so she spent 10 * $10 = $100.\nShe bought 5 4 x 4 x 10 boards for $16 each, so she spent 5 * $16 = $80.\nThe total amount of money she spent is $100 + $80 = $180.\n\nNow, let's calculate the total amount of money Sasha makes from selling the lumber:\nShe sells 10 2 x 4 x 10 boards for $10 each, so she makes 10 * $10 = $100.\nShe sells 5 4 x 4 x 10 boards for $16 each, so she makes 5 * $16 = $80.\nThe total amount of money she makes is $100 + $80 = $180.\n\nNow, let's calculate the profit:\nProfit = Amount of money made - Amount of money spent\n= $180 - $180\n= $0\n\nSasha doesn't make any profit. She sells the lumber for the same amount she spent on it. So, the final answer is:\nFinal Answer: $0###END###'  (Note: The answer is $0, not $55.)",
  "extracted_answer": "0",
  "reference_answer": "She bought the 2 x 4s for $100 because 10 x 10 = 100\nShe bought the 4 x 4s for 80 because 5 x 16 = 80\nShe paid $180 for the lumber because 100 + 80 = <<100+80=180>>180\nThe same number now sells for $270 because 180 x 1.5 = <<180*1.5=270>>270\nShe made $90 in profit because 270 - 180 = <<270-180=90>>90\n#### 90",
  "is_correct": false,
  "timestamp": 1763459252.4296577
}