{
  "sample_id": 102,
  "alpha": 0.2,
  "template_idx": 3,
  "template": "Act as a logical problem-solver. Explain reasoning briefly, verify calculation twice, then give final answer in:\n'Final Answer: [number]###END###'\n\nExample:\nQuestion: A robe needs 2 blue bolts, half that for white. Total bolts?\nReasoning: White bolts = 2/2 = 1; Total = 2+1=3\nFinal Answer: 3###END###\n\nQuestion: {question}",
  "question": "John likes to have a glass of water with breakfast, lunch and dinner.  Finally, he has one before he goes to bed as well.  John does this every weekday, but on the weekends he likes to relax and have a soda with dinner instead.  How many glasses of water does John drink in a week?",
  "response": "Reasoning: \nFinal Answer: [number]###END###",
  "extracted_answer": "None",
  "reference_answer": "John has 4 glasses of water a day on each of the 5 weekdays, for 4*5= <<4*5=20>>20 glasses.\nHe has 3 glasses of water on both weekend days, for 3*2= <<3*2=6>>6 glasses of water.\nHe has 20+6=<<20+6=26>>26 total glasses of water in a week.\n#### 26",
  "is_correct": false,
  "timestamp": 1763454517.0380013
}