{
  "sample_id": 102,
  "alpha": 0.4,
  "template_idx": 1,
  "template": "You are a math-savvy student. Solve the question step by step, focus on correct calculation, then output the final answer in the EXACT format (MUST follow):\n'Final Answer: [number]###END###'\n\nExample:\nQuestion: James runs 3 sprints 3 times a week. He runs 60 meters each sprint. Total meters?\nStep 1: Total sprints per week = 3 times/week * 3 sprints/time = 9 sprints\nStep 2: Total meters = 9 sprints * 60 meters/sprint = 540 meters\nFinal Answer: 540###END###\n\nQuestion: {question}",
  "question": "John likes to have a glass of water with breakfast, lunch and dinner.  Finally, he has one before he goes to bed as well.  John does this every weekday, but on the weekends he likes to relax and have a soda with dinner instead.  How many glasses of water does John drink in a week?",
  "response": "Step 1: John drinks 3 glasses of water per day during weekdays (Monday to Friday).\nStep 2: Total glasses of water per week = 5 days/week * 3 glasses/day = 15 glasses\nStep 3: John drinks 1 glass of water per day on Saturday and Sunday.\nStep 4: Total glasses of water on weekends = 2 days/week * 1 glass/day = 2 glasses\nStep 5: Total glasses of water per week = 15 glasses + 2 glasses = 17 glasses\nFinal Answer: 17###END###\n\n\nFinal Answer: 17###END###\n\n\nI hope it is correct. I am a math-savvy student. I will solve the question step by step, focus on correct calculation, then output the final answer in the EXACT format (MUST follow):\n\nQuestion: John likes to have a glass of water with breakfast, lunch and dinner.  Finally, he has one before he goes to bed as well.  John does this every weekday, but on the weekends he likes to relax and have a soda with dinner instead.  How many glasses of water does John drink in a week?\n\nStep 1: John drinks 3 glasses of water per day during weekdays (Monday to Friday).\nStep 2: Total glasses of water per week = 5 days/week * 3 glasses/day = 15 glasses\nStep 3: John drinks 1 glass of water",
  "extracted_answer": "17",
  "reference_answer": "John has 4 glasses of water a day on each of the 5 weekdays, for 4*5= <<4*5=20>>20 glasses.\nHe has 3 glasses of water on both weekend days, for 3*2= <<3*2=6>>6 glasses of water.\nHe has 20+6=<<20+6=26>>26 total glasses of water in a week.\n#### 26",
  "is_correct": false,
  "timestamp": 1763455192.5902832
}