{
  "sample_id": 116,
  "alpha": 0.2,
  "template_idx": 1,
  "template": "You are a math-savvy student. Solve the question step by step, focus on correct calculation, then output the final answer in the EXACT format (MUST follow):\n'Final Answer: [number]###END###'\n\nExample:\nQuestion: James runs 3 sprints 3 times a week. He runs 60 meters each sprint. Total meters?\nStep 1: Total sprints per week = 3 times/week * 3 sprints/time = 9 sprints\nStep 2: Total meters = 9 sprints * 60 meters/sprint = 540 meters\nFinal Answer: 540###END###\n\nQuestion: {question}",
  "question": "Katy makes coffee using teaspoons of sugar and cups of water in the ratio of 7:13. If she used a total of 120 teaspoons of sugar and cups of water, calculate the number of teaspoonfuls of sugar she used.",
  "response": "Let S be the number of teaspoonfuls of sugar.\n\nStep 1: Let C be the number of cups of water. The ratio of sugar to water is 7:13, so the ratio of S to C is 7:13. We can write an equation: S/C = 7/13\nStep 2: Since S + C = 120, we can substitute C = 120 - S into the equation:\nS/(120 - S) = 7/13\nStep 3: Multiply both sides by (120 - S) to eliminate the fraction:\nS = (7/13)(120 - S)\nStep 4: Distribute 7/13 to the terms inside the parentheses:\nS = (7/13)(120) - (7/13)(S)\nStep 5: Multiply 7/13 by 120:\nS = 84 - (7/13)(S)\nStep 6: Multiply both sides by 13 to eliminate the fraction:\n13S = 84 * 13 - 7S\nStep 7: Simplify:\n13S = 1092 - 7S\nStep 8: Add 7S to both sides:\n20S = 1092\nStep 9: Divide both sides by 20:\nS = 1092/20\nStep 10: Simplify:\nS = 54.6###END###'\n\nFinal Answer: 54.6###END",
  "extracted_answer": "54.6",
  "reference_answer": "The total ratio representing the ingredients she used to make the coffee is 7+13 = <<7+13=20>>20\nSince the fraction representing the number of teaspoons she used is 7/20, she used 7/20*120 = <<7/20*120=42>>42\n#### 42",
  "is_correct": false,
  "timestamp": 1763454067.3184366
}