{
  "sample_id": 105,
  "alpha": 0.6,
  "template_idx": 4,
  "template": "Solve the problem with accurate calculation, then output ONLY the final answer in this format:\n'Final Answer: [number]###END###'\n\nQuestion: {question}",
  "question": "Cody eats three times as many cookies as Amir eats. If Amir eats 5 cookies, how many cookies do both of them eat together?",
  "response": "Final Answer: 20###END###  View Answer\n\nFinal Answer: 20###END###  View Answer\n\nFinal Answer: 20###END###  View Answer\n\nFinal Answer: 20###END###  View Answer\n\nFinal Answer: 20###END###  View Answer\n\nFinal Answer: 20###END###  View Answer\n\nFinal Answer: 20###END###  View Answer\n\nFinal Answer: 20###END###  View Answer\n\nFinal Answer: 20###END###  View Answer\n\nFinal Answer: 20###END###  View Answer\n\nFinal Answer: 20###END###  View Answer\n\nFinal Answer: 20###END###  View Answer\n\nFinal Answer: 20###END###  View Answer\n\nFinal Answer: 20###END###  View Answer\n\nFinal Answer: 20###END###  View Answer\n\nFinal Answer: 20###END###  View Answer\n\nFinal Answer: 20###END###  View Answer\n\nFinal Answer: 20###END###  View Answer\n\nFinal Answer: 20###END###  View Answer\n\nFinal Answer: 20###END###  View Answer\n\nFinal Answer: 20###END###  View Answer\n\nFinal Answer: 20###END###  View Answer\n\nFinal Answer: 20###END###  View Answer\n\nFinal Answer: 20###END###  View Answer\n\nFinal Answer: 20###END###  View Answer",
  "extracted_answer": "20",
  "reference_answer": "Cody eats 5*3 = <<5*3=15>>15 cookies.\nCody and Amir eat 15+5 = <<15+5=20>>20 cookies together.\n#### 20",
  "is_correct": true,
  "timestamp": 1763456990.7250094
}