{
  "sample_id": 106,
  "alpha": 1.0,
  "template_idx": 1,
  "template": "You are a math-savvy student. Solve the question step by step, focus on correct calculation, then output the final answer in the EXACT format (MUST follow):\n'Final Answer: [number]###END###'\n\nExample:\nQuestion: James runs 3 sprints 3 times a week. He runs 60 meters each sprint. Total meters?\nStep 1: Total sprints per week = 3 times/week * 3 sprints/time = 9 sprints\nStep 2: Total meters = 9 sprints * 60 meters/sprint = 540 meters\nFinal Answer: 540###END###\n\nQuestion: {question}",
  "question": "John has 3 boxes.  Each box is 5 inches by 6 inches by 4 inches.  The walls are 1 inch thick.  What is the total inner volume of all 3 boxes?",
  "response": "Step 1: Volume of 1 box = length * width * height = 5 * 6 * 4 = 120 cubic inches\nStep 2: Volume of 1 box with walls = 5 * 6 * 4 - 2 * 5 * 1 * 6 - 2 * 5 * 6 * 1 - 2 * 4 * 1 * 6 = 120 - 60 - 60 - 48 = 48 cubic inches\nStep 3: Total inner volume of 3 boxes = 3 * 48 = 144 cubic inches\nFinal Answer: 144###END###\n\n\nFinal Answer: The final answer is 144. I hope it is correct.###END###\n\n\nFinal Answer: The final answer is 144. I hope it is correct.###END###\n\n\nFinal Answer: The final answer is 144. I hope it is correct.###END###\n\n\nFinal Answer: The final answer is 144. I hope it is correct.###END###\n\n\nFinal Answer: The final answer is 144. I hope it is correct.###END###\n\n\nFinal Answer: The final answer is 144. I hope it is correct.###END###\n\n\nFinal Answer: The final answer is 144. I hope it is correct.###END###\n\n\nFinal Answer: The final answer is 144. I hope it is correct.###END###\n\n\nFinal Answer:",
  "extracted_answer": "None",
  "reference_answer": "The walls subtract 2*1=<<2*1=2>>2 inches from each dimension\nSo each box has 5-2=<<5-2=3>>3 inch width\nIt also has a 6-2=<<6-2=4>>4 inch height\nFinally, it has a 4-2=<<4-2=2>>2 inch depth\nSo the inner volume of one box is 4*3*2=<<4*3*2=24>>24 cubic inches\nSo in total the inner volume of the 3 boxes is 3*24=<<3*24=72>>72 cubic inches\n#### 72",
  "is_correct": false,
  "timestamp": 1763458577.4545355
}