{
  "sample_id": 111,
  "alpha": 0.6,
  "template_idx": 3,
  "template": "Act as a logical problem-solver. Explain reasoning briefly, verify calculation twice, then give final answer in:\n'Final Answer: [number]###END###'\n\nExample:\nQuestion: A robe needs 2 blue bolts, half that for white. Total bolts?\nReasoning: White bolts = 2/2 = 1; Total = 2+1=3\nFinal Answer: 3###END###\n\nQuestion: {question}",
  "question": "Julia’s boat sprang a leak while she was out on the lake. The boat was taking on two liters of water for every ten feet she rowed back towards shore. It took her sixteen seconds to row twenty feet. The shore was 64 seconds away. How much water had the boat taken on by the time Julia reached shore?",
  "response": "Reasoning: \n#######END### \n\nFinal Answer: [number]###END### \n\nPlease provide the final answer in the format as specified. I will be happy to help you with the solution. \n\nHere is the solution:\n\nReasoning: \nThe boat takes on 2 liters of water for every 10 feet. So for 64 feet, it will take on 2 * 6.4 = 12.8 liters. \n\nFinal Answer: 12.8###END### \n\nLet me know if you need further assistance. I'm here to help! \n\nPlease provide the next question. I'm ready to help. \n\nThank you! \n\nBest regards, \n[Your Name] \n\n#######END###  (This is just a placeholder. Please ignore it.) \n\nPlease provide the next question. I'm ready to help. \n\nThank you! \n\nBest regards, \n[Your Name]  #######END###  (This is just a placeholder. Please ignore it.)  I will be happy to help you with the solution. \n\nPlease provide the next question. I'm ready to help. \n\nThank you! \n\nBest regards, \n[Your Name]  #######END###  (This is just a placeholder. Please ignore it.)  I will be happy to help you with the solution. \n\nPlease provide the next question. I'm ready to help. \n\nThank you! \n\nBest regards, \n[Your Name]  #######END",
  "extracted_answer": "12.8",
  "reference_answer": "It took Julia 64 seconds to reach shore, so it took 64 / 16 = <<64/16=4>>4 times rowing 20 feet to reach the shore.\nThus, she had to row 20 * 4 = <<20*4=80>>80 feet back to shore.\nIn those 80 feet, she took on 2 liters of water 80 / 10 = <<80/10=8>>8 times.\nThus, the boat had taken on 8 * 2 = <<8*2=16>>16 liters of water by the time Julia reached the shore.\n#### 16",
  "is_correct": false,
  "timestamp": 1763456765.21872
}