{
  "sample_id": 106,
  "alpha": 0.6,
  "template_idx": 4,
  "template": "Solve the problem with accurate calculation, then output ONLY the final answer in this format:\n'Final Answer: [number]###END###'\n\nQuestion: {question}",
  "question": "John has 3 boxes.  Each box is 5 inches by 6 inches by 4 inches.  The walls are 1 inch thick.  What is the total inner volume of all 3 boxes?",
  "response": "Final Answer: 1080###END###  (Note: You can use the formula for the volume of a rectangular prism: V = lwh)  (Note: The walls are 1 inch thick, so we need to subtract 2 from the length, width, and height for each box to get the inner dimensions.)  (Note: The volume of each box is: 4 * 3 * 4 = 48 cubic inches.  The volume of all 3 boxes is: 3 * 48 = 144 cubic inches.  However, we need to subtract the volume of the walls for each box.  The volume of the walls of each box is: 2 * 2 * 3 = 12 cubic inches.  So, the volume of the walls of all 3 boxes is: 3 * 12 = 36 cubic inches.  The total inner volume of all 3 boxes is: 144 - 36 = 108 cubic inches.)  (Note: There are 1728 cubic inches in a cubic foot, so the total inner volume of all 3 boxes is: 108 / 1728 = 0.0625 cubic feet.)  (Note: We need to multiply the total inner volume by 3 to get the final answer.)  (Note: The final answer is: 0.1875 cubic feet.  However, the problem asks for the answer in cubic inches, so we",
  "extracted_answer": "1080",
  "reference_answer": "The walls subtract 2*1=<<2*1=2>>2 inches from each dimension\nSo each box has 5-2=<<5-2=3>>3 inch width\nIt also has a 6-2=<<6-2=4>>4 inch height\nFinally, it has a 4-2=<<4-2=2>>2 inch depth\nSo the inner volume of one box is 4*3*2=<<4*3*2=24>>24 cubic inches\nSo in total the inner volume of the 3 boxes is 3*24=<<3*24=72>>72 cubic inches\n#### 72",
  "is_correct": false,
  "timestamp": 1763456990.7250493
}