{
  "sample_id": 100,
  "alpha": 0.2,
  "template_idx": 5,
  "template": "Compute the result accurately and output in the EXACT specified format:\n'Final Answer: [number]###END###'\n\nExample: 2+3=? → Final Answer: 5###END###\n\nQuestion: {question}",
  "question": "Jerome had 4 friends who came to visit him on a certain day. The first friend pressed on the doorbell 20 times before Jerome opened, the second friend pressed on the doorbell 1/4 times more than Jerome's first friend. The third friend pressed on the doorbell 10 times more than the fourth friend. If the fourth friend pressed on the doorbell 60 times, how many doorbell rings did the doorbell make?",
  "response": "Solution: \nLet the number of doorbell rings by the first friend be x. Then the number of doorbell rings by the second friend is x + (1/4)x = 5x/4. The number of doorbell rings by the third friend is 60 + 10 = 70. The number of doorbell rings by the fourth friend is 60. So we have the equation: x + 5x/4 + 70 + 60 = 4x/4 + 70 + 60. \nSimplifying the equation, we get: x + 5x/4 = 4x/4. \nSimplifying further, we get: x = 4x/4. \nSo x = 4. \nThe number of doorbell rings by the first friend is 4. \nThe number of doorbell rings by the second friend is 5. \nThe number of doorbell rings by the third friend is 70. \nThe number of doorbell rings by the fourth friend is 60. \nSo the total number of doorbell rings is 4 + 5 + 70 + 60 = 139. \nFinal Answer: 139###END###' 2021-02-15 14:24:41\nFinal Answer: 139###END###' 2021-02-15 14:24:41\n\nFinal Answer: 139###END###'",
  "extracted_answer": "139",
  "reference_answer": "The second friend pressed on the doorbell 1/4 times more than Jerome's first friend, a total of 1/4*20=<<1/4*20=5>>5 times.\nJerome's second friend pressed on the doorbell 20+5=<<20+5=25>>25\nThe first two friends pressed on the doorbell 25+20=<<25+20=45>>45 times altogether before Jerome could open the door.\nJerome's third friend pressed on the doorbell 60+10=<<60+10=70>>70 times before Jerome could open the door.\nAltogether, Jerome's third and fourth friends pressed on the doorbell 70+60=<<70+60=130>>130 times before Jerome could open.\nThe number of doorbell rings that Jerome's friend made before Jerome could open the door is 130+45=<<130+45=175>>175 times.\n#### 175",
  "is_correct": false,
  "timestamp": 1763454967.295584
}