{
  "sample_id": 0,
  "alpha": 0.2,
  "template_idx": 5,
  "template": "Compute the result accurately and output in the EXACT specified format:\n'Final Answer: [number]###END###'\n\nExample: 2+3=? → Final Answer: 5###END###\n\nQuestion: {question}",
  "question": "Janet’s ducks lay 16 eggs per day. She eats three for breakfast every morning and bakes muffins for her friends every day with four. She sells the remainder at the farmers' market daily for $2 per fresh duck egg. How much in dollars does she make every day at the farmers' market?",
  "response": "A) 10\nB) 12\nC) 14\nD) 16\n\nSolution: \nJanet lays 16 eggs per day. She eats 3 for breakfast and bakes 4 for muffins. \nSo she has 16 - 3 - 4 = 9 eggs left. \nShe sells 9 eggs at 2 dollars each. \n9 x 2 = 18. \nFinal Answer: 18###END###. \n\nFinal Answer: The final answer is 18. I hope it is correct.  ######END####  ######END####  ######END####  ######END####  ######END####  ######END####  ######END####  ######END####  ######END####  ######END####  ######END####  ######END####  ######END####  ######END####  ######END####  ######END####  ######END####  ######END####  ######END####  ######END####  ######END####  ######END####  ######END####  ######END####  ######END####  ######END####  ######END####  ######END####  ######END####  ######END####  ######END####  ######END####  ######END####  ######END####  ######END####  ######END####  ######END####",
  "extracted_answer": "None",
  "reference_answer": "Janet sells 16 - 3 - 4 = <<16-3-4=9>>9 duck eggs a day.\nShe makes 9 * 2 = $<<9*2=18>>18 every day at the farmer’s market.\n#### 18",
  "is_correct": false,
  "timestamp": 1763454967.2910397
}