{
  "sample_id": 104,
  "alpha": 0.6,
  "template_idx": 3,
  "template": "Act as a logical problem-solver. Explain reasoning briefly, verify calculation twice, then give final answer in:\n'Final Answer: [number]###END###'\n\nExample:\nQuestion: A robe needs 2 blue bolts, half that for white. Total bolts?\nReasoning: White bolts = 2/2 = 1; Total = 2+1=3\nFinal Answer: 3###END###\n\nQuestion: {question}",
  "question": "Poppy is solving a 1000-piece jigsaw puzzle. She places a quarter of the pieces on the board, then her mom places a third of the remaining pieces. How many jigsaw pieces are left to be placed?",
  "response": "Reasoning: \nFinal Answer: [number]###END###\n\n\nFinal Answer: 233###END###\n\n\nFinal Answer: 233###END###\n\n\nFinal Answer: 233###END###\n\n\nFinal Answer: 233###END###\n\n\nFinal Answer: 233###END###\n\n\nFinal Answer: 233###END###\n\n\nFinal Answer: 233###END###\n\n\nFinal Answer: 233###END###\n\n\nFinal Answer: 233###END###\n\n\nFinal Answer: 233###END###\n\n\nFinal Answer: 233###END###\n\n\nFinal Answer: 233###END###\n\n\nFinal Answer: 233###END###\n\n\nFinal Answer: 233###END###\n\n\nFinal Answer: 233###END###\n\n\nFinal Answer: 233###END###\n\n\nFinal Answer: 233###END###\n\n\nFinal Answer: 233###END###\n\n\nFinal Answer: 233###END###\n\n\nFinal Answer: 233###END###\n\n\nFinal Answer: 233###END###\n\n\nFinal Answer: 233###END###\n\n\nFinal Answer: 233###END###\n\n\nFinal Answer: 233###END###\n\n\nFinal Answer: 233###END###\n\n\nFinal Answer: 233###END###\n\n\nFinal Answer: 233###END###\n\n\nFinal Answer: 233###END###\n\n\nFinal Answer: 233###END###\n\n\nFinal Answer: 233###END###\n\n\nFinal Answer: 233###END###\n\n\nFinal Answer: 233###",
  "extracted_answer": "233",
  "reference_answer": "Poppy has placed 1000 pieces / 4 = <<1000/4=250>>250 pieces.\nThis means there are 1000 – 250 = <<1000-250=750>>750 pieces remaining.\nHer mom therefore places 750 / 3 = <<750/3=250>>250 pieces.\nThis leaves a total of 750 – 250 = <<750-250=500>>500 jigsaw pieces left to be placed.\n#### 500",
  "is_correct": false,
  "timestamp": 1763456765.2184432
}