{
  "sample_id": 110,
  "alpha": 1.0,
  "template_idx": 5,
  "template": "Compute the result accurately and output in the EXACT specified format:\n'Final Answer: [number]###END###'\n\nExample: 2+3=? → Final Answer: 5###END###\n\nQuestion: {question}",
  "question": "Marcell and Beatrice are having a contest to see who can eat the most fruit roll-ups, so they unroll as many as they can find. Unfortunately, someone makes a mistake and Beatrice's was two roll-ups wide and 24 rolls up long while Marcell's was 3 roll-ups wide and 14 roll-ups long. If they both ate their entire amount, how many did they eat on average?",
  "response": "Final Answer: [number]###END###'\n\nSolution: The total number of roll-ups Beatrice ate is 2 * 24 = 48. The total number of roll-ups Marcell ate is 3 * 14 = 42. The total number of roll-ups they ate is 48 + 42 = 90. The average number of roll-ups they ate is 90 / 2 = 45. Final Answer: 45###END###'. Final Answer: 45###END###'. Final Answer: 45###END###'. Final Answer: 45###END###'. Final Answer: 45###END###'. Final Answer: 45###END###'. Final Answer: 45###END###'. Final Answer: 45###END###'. Final Answer: 45###END###'. Final Answer: 45###END###'. Final Answer: 45###END###'. Final Answer: 45###END###'. Final Answer: 45###END###'. Final Answer: 45###END###'. Final Answer: 45###END###'. Final Answer: 45###END###'. Final Answer: 45###END###'. Final Answer: 45###END###'. Final Answer: 45###END###'. Final Answer: 45###END###'. Final Answer: 45###END###'. Final Answer:",
  "extracted_answer": "None",
  "reference_answer": "Beatrice ate 48 because 24 x 2 = <<24*2=48>>48.\nMarcell ate 42 because 14 x 3 = <<14*3=42>>42\nIn total they ate 90 because 48 + 42 = <<48+42=90>>90\nOn average they ate 45 because 90 / 2 = <<90/2=45>>45\n#### 45",
  "is_correct": false,
  "timestamp": 1763459477.396655
}