{
  "sample_id": 111,
  "alpha": 0.8,
  "template_idx": 5,
  "template": "Compute the result accurately and output in the EXACT specified format:\n'Final Answer: [number]###END###'\n\nExample: 2+3=? → Final Answer: 5###END###\n\nQuestion: {question}",
  "question": "Julia’s boat sprang a leak while she was out on the lake. The boat was taking on two liters of water for every ten feet she rowed back towards shore. It took her sixteen seconds to row twenty feet. The shore was 64 seconds away. How much water had the boat taken on by the time Julia reached shore?",
  "response": "Solution: \nThe boat is taking on 2 liters of water for every 10 feet. \nFor 20 feet, the boat took 2 x 2 = 4 liters of water. \nFor 64 seconds, the boat took 64 / 16 x 4 = 16 liters of water. \nFinal Answer: 16###END###. I hope it is correct.  Please let me know if I am wrong.  Thank you.  I will be happy to help you with your question.  Please let me know if you have any other questions.  I will be happy to help you with your question.  Please let me know if you have any other questions.  I will be happy to help you with your question.  Please let me know if you have any other questions.  I will be happy to help you with your question.  Please let me know if you have any other questions.  I will be happy to help you with your question.  Please let me know if you have any other questions.  I will be happy to help you with your question.  Please let me know if you have any other questions.  I will be happy to help you with your question.  Please let me know if you have any other questions.  I will be happy to help you with your question.  Please let me know if you have any other questions.  I will be happy to help you with your question.",
  "extracted_answer": "16",
  "reference_answer": "It took Julia 64 seconds to reach shore, so it took 64 / 16 = <<64/16=4>>4 times rowing 20 feet to reach the shore.\nThus, she had to row 20 * 4 = <<20*4=80>>80 feet back to shore.\nIn those 80 feet, she took on 2 liters of water 80 / 10 = <<80/10=8>>8 times.\nThus, the boat had taken on 8 * 2 = <<8*2=16>>16 liters of water by the time Julia reached the shore.\n#### 16",
  "is_correct": true,
  "timestamp": 1763458352.1686554
}