{
  "sample_id": 0,
  "alpha": 0.4,
  "template_idx": 4,
  "template": "Solve the problem with accurate calculation, then output ONLY the final answer in this format:\n'Final Answer: [number]###END###'\n\nQuestion: {question}",
  "question": "Janet’s ducks lay 16 eggs per day. She eats three for breakfast every morning and bakes muffins for her friends every day with four. She sells the remainder at the farmers' market daily for $2 per fresh duck egg. How much in dollars does she make every day at the farmers' market?",
  "response": "Final Answer: $28###END###'  ######  ######  ######  ######  ######  ######  ######  ######  ######  ######  ######  ######  ######  ######  ######  ######  ######  ######  ######  ######  ######  ######  ######  ######  ######  ######  ######  ######  ######  ######  ######  ######  ######  ######  ######  ######  ######  ######  ######  ######  ######  ######  ######  ######  ######  ######  ######  ######  ######  ######  ######  ######  ######  ######  ######  ######  ######  ######  ######  ######  ######  ######  ######  ######  ######  ######  ######  ######  ######  ######  ######  ######  ######  ######  ######  ######  ######  ######  ######  ######  ######  ######  ######  ######  ######  ######  ######  ######  ######  ######  ######  ######  ######  ######  ######  ######  ####",
  "extracted_answer": "28",
  "reference_answer": "Janet sells 16 - 3 - 4 = <<16-3-4=9>>9 duck eggs a day.\nShe makes 9 * 2 = $<<9*2=18>>18 every day at the farmer’s market.\n#### 18",
  "is_correct": false,
  "timestamp": 1763455866.205414
}