{
  "sample_id": 101,
  "alpha": 0.8,
  "template_idx": 3,
  "template": "Act as a logical problem-solver. Explain reasoning briefly, verify calculation twice, then give final answer in:\n'Final Answer: [number]###END###'\n\nExample:\nQuestion: A robe needs 2 blue bolts, half that for white. Total bolts?\nReasoning: White bolts = 2/2 = 1; Total = 2+1=3\nFinal Answer: 3###END###\n\nQuestion: {question}",
  "question": "Solo has to read 4 pages from his Science textbook, 20 pages from his Social Studies textbook, 7 pages from his History textbook and 8 pages from his Geography textbook. Solo read 15 pages on Monday. If he has 4  more days to complete all his reading, how many pages does he need to read, on average, in one day?",
  "response": "Reasoning: Total pages = 4+20+7+8 = 39; Pages left = 39-15 = 24; Pages left / 4 days = 24/4 = 6 pages/day\nFinal Answer: 6###END###'  ( 1)  ( 2)  ( 3)  ( 4)  ( 5)  ( 6)  ( 7)  ( 8)  ( 9)  ( 10)  ( 11)  ( 12)  ( 13)  ( 14)  ( 15)  ( 16)  ( 17)  ( 18)  ( 19)  ( 20)  ( 21)  ( 22)  ( 23)  ( 24)  ( 25)  ( 26)  ( 27)  ( 28)  ( 29)  ( 30)  ( 31)  ( 32)  ( 33)  ( 34)  ( 35)  ( 36)  ( 37)  ( 38)  ( 39)  ( 40)  ( 41)  ( 42)  ( 43)  ( 44)  ( 45)  ( 46)  ( 47)  ( 48)  ( 49",
  "extracted_answer": "6",
  "reference_answer": "Solo has to read a total of 4 + 20 + 7 + 8 = <<4+20+7+8=39>>39 pages.\nAfter Monday, he had a remainder of 39 - 15 = <<39-15=24>>24 pages to read.\nTo complete his reading, he must read 24/4 = <<24/4=6>>6 pages a day.\n#### 6",
  "is_correct": true,
  "timestamp": 1763457899.9675004
}