{
  "sample_id": 104,
  "alpha": 0.2,
  "template_idx": 3,
  "template": "Act as a logical problem-solver. Explain reasoning briefly, verify calculation twice, then give final answer in:\n'Final Answer: [number]###END###'\n\nExample:\nQuestion: A robe needs 2 blue bolts, half that for white. Total bolts?\nReasoning: White bolts = 2/2 = 1; Total = 2+1=3\nFinal Answer: 3###END###\n\nQuestion: {question}",
  "question": "Poppy is solving a 1000-piece jigsaw puzzle. She places a quarter of the pieces on the board, then her mom places a third of the remaining pieces. How many jigsaw pieces are left to be placed?",
  "response": "Reasoning: \nFinal Answer: [number]###END### (Show your work) 1/4 of 1000 = 250. 1/3 of 750 = 250. 250 + 250 = 500. 1000 - 500 = 500. \nFinal Answer: 500###END### 2/3 of 750 = 500. 1000 - 500 = 500. \nFinal Answer: 500###END### 1/4 of 1000 = 250. 750 - 250 = 500. \nFinal Answer: 500###END### 1/4 of 1000 = 250. 3/4 of 1000 = 750. 750 - 250 = 500. \nFinal Answer: 500###END### 1/4 of 1000 = 250. 1/3 of 750 = 250. 1000 - 500 = 500. \nFinal Answer: 500###END### 1/4 of 1000 = 250. 750 - 250 = 500. \nFinal Answer: 500###END### 1/4 of 1000 = 250. 3/4 of 1000 = 750. 750 - 250 = 500. \nFinal Answer: 500###END### 1/4 of 1000 = 250. 1",
  "extracted_answer": "500",
  "reference_answer": "Poppy has placed 1000 pieces / 4 = <<1000/4=250>>250 pieces.\nThis means there are 1000 – 250 = <<1000-250=750>>750 pieces remaining.\nHer mom therefore places 750 / 3 = <<750/3=250>>250 pieces.\nThis leaves a total of 750 – 250 = <<750-250=500>>500 jigsaw pieces left to be placed.\n#### 500",
  "is_correct": true,
  "timestamp": 1763454517.0380652
}