{
  "sample_id": 108,
  "alpha": 1.0,
  "template_idx": 3,
  "template": "Act as a logical problem-solver. Explain reasoning briefly, verify calculation twice, then give final answer in:\n'Final Answer: [number]###END###'\n\nExample:\nQuestion: A robe needs 2 blue bolts, half that for white. Total bolts?\nReasoning: White bolts = 2/2 = 1; Total = 2+1=3\nFinal Answer: 3###END###\n\nQuestion: {question}",
  "question": "Henry is making cookies for a local baking competition. He wants to make twice as many as he did last year. When he finishes baking, he realizes he actually baked 15 more cookies than he meant to. He drops 5 of his cookies as he is putting them out to cool, and now has a total of 110 cookies. How many cookies did Henry bake last year?",
  "response": "Let's call the number of cookies he baked last year 'x'. Since he wanted to make twice as many this year, he wanted to make 2x cookies this year. He ended up baking 2x + 15 cookies. After dropping 5 cookies, he had 110 cookies. So, we set up the equation 2x + 15 - 5 = 110. Simplifying the equation, we get 2x + 10 = 110. Subtracting 10 from both sides, we get 2x = 100. Dividing both sides by 2, we get x = 50. So, Henry baked 50 cookies last year.\n\nFinal Answer: 50###END###' 2021-07-23 14:24:37 2021-07-23 14:24:37 0 0 0 0 0 0 0 0 0 0 0 0 0 0 0 0 0 0 0 0 0 0 0 0 0 0 0 0 0 0 0 0 0 0 0 0 0 0 0 0 0 0 0 0 0 0 0 0 0 0 0 0 0 0 0 0 0 0 0 0 0 0 0",
  "extracted_answer": "50",
  "reference_answer": "Adding the cookies Henry dropped shows he baked 110 + 5 = <<110+5=115>>115 cookies this year.\nHe had cooked too many, so he must have needed 115 – 15 = <<115-15=100>>100 cookies to double last year’s amount.\nTherefore, he must have cooked 100 / 2 = <<100/2=50>>50 cookies last year.\n#### 50",
  "is_correct": true,
  "timestamp": 1763459027.3860276
}