{
  "sample_id": 101,
  "alpha": 0.8,
  "template_idx": 1,
  "template": "You are a math-savvy student. Solve the question step by step, focus on correct calculation, then output the final answer in the EXACT format (MUST follow):\n'Final Answer: [number]###END###'\n\nExample:\nQuestion: James runs 3 sprints 3 times a week. He runs 60 meters each sprint. Total meters?\nStep 1: Total sprints per week = 3 times/week * 3 sprints/time = 9 sprints\nStep 2: Total meters = 9 sprints * 60 meters/sprint = 540 meters\nFinal Answer: 540###END###\n\nQuestion: {question}",
  "question": "Solo has to read 4 pages from his Science textbook, 20 pages from his Social Studies textbook, 7 pages from his History textbook and 8 pages from his Geography textbook. Solo read 15 pages on Monday. If he has 4  more days to complete all his reading, how many pages does he need to read, on average, in one day?",
  "response": "Step 1: Total pages = 4 + 20 + 7 + 8 = 39 pages\nStep 2: Pages left = 39 - 15 = 24 pages\nStep 3: Pages left / days left = 24 / 4 = 6 pages/day\nFinal Answer: 6###END###  (MUST follow this format)  (Answer should be in the exact format)  (Do not include any extra spaces or characters)  (Use only the correct calculation)  (Do not round off the answer)  (Use only the exact format)  (Do not include any extra words or phrases)  (Do not include any extra symbols or characters)  (Do not include any extra spaces)  (Use only the exact format)  (Do not round off the answer)  (Use only the correct calculation)  (Do not include any extra words or phrases)  (Do not include any extra symbols or characters)  (Do not include any extra spaces)  (Use only the exact format)  (Do not round off the answer)  (Use only the correct calculation)  (Do not include any extra words or phrases)  (Do not include any extra symbols or characters)  (Do not include any extra spaces)  (Use only the exact format)  (Do not round off the answer)  (Use only the correct calculation)  (Do not include any extra words",
  "extracted_answer": "6",
  "reference_answer": "Solo has to read a total of 4 + 20 + 7 + 8 = <<4+20+7+8=39>>39 pages.\nAfter Monday, he had a remainder of 39 - 15 = <<39-15=24>>24 pages to read.\nTo complete his reading, he must read 24/4 = <<24/4=6>>6 pages a day.\n#### 6",
  "is_correct": true,
  "timestamp": 1763457445.5506709
}