{
  "sample_id": 104,
  "alpha": 0.8,
  "template_idx": 5,
  "template": "Compute the result accurately and output in the EXACT specified format:\n'Final Answer: [number]###END###'\n\nExample: 2+3=? → Final Answer: 5###END###\n\nQuestion: {question}",
  "question": "Poppy is solving a 1000-piece jigsaw puzzle. She places a quarter of the pieces on the board, then her mom places a third of the remaining pieces. How many jigsaw pieces are left to be placed?",
  "response": "Solution: \nLet's first find the number of pieces that Poppy placed. A quarter of 1000 is 250. So, 250 pieces are placed. \n\nThe number of remaining pieces is 1000 - 250 = 750. \n\nNow, her mom places a third of the remaining pieces. A third of 750 is 250. So, 250 more pieces are placed. \n\nThe number of pieces left to be placed is 750 - 250 = 500. \n\nFinal Answer: 500###END###.  Final Answer: 500###END###. Final Answer: 500###END###. Final Answer: 500###END###. Final Answer: 500###END###. Final Answer: 500###END###. Final Answer: 500###END###. Final Answer: 500###END###. Final Answer: 500###END###. Final Answer: 500###END###. Final Answer: 500###END###. Final Answer: 500###END###. Final Answer: 500###END###. Final Answer: 500###END###. Final Answer: 500###END###. Final Answer: 500###END###. Final Answer: 500###END###. Final Answer: 500###END###. Final Answer: 500###END###. Final Answer: 500###END###. Final Answer: 500###END###. Final Answer: 500###END",
  "extracted_answer": "500",
  "reference_answer": "Poppy has placed 1000 pieces / 4 = <<1000/4=250>>250 pieces.\nThis means there are 1000 – 250 = <<1000-250=750>>750 pieces remaining.\nHer mom therefore places 750 / 3 = <<750/3=250>>250 pieces.\nThis leaves a total of 750 – 250 = <<750-250=500>>500 jigsaw pieces left to be placed.\n#### 500",
  "is_correct": true,
  "timestamp": 1763458352.1684098
}