{
  "sample_id": 117,
  "alpha": 0.6,
  "template_idx": 3,
  "template": "Act as a logical problem-solver. Explain reasoning briefly, verify calculation twice, then give final answer in:\n'Final Answer: [number]###END###'\n\nExample:\nQuestion: A robe needs 2 blue bolts, half that for white. Total bolts?\nReasoning: White bolts = 2/2 = 1; Total = 2+1=3\nFinal Answer: 3###END###\n\nQuestion: {question}",
  "question": "John buys 2 pairs of shoes for each of his 3 children.  They cost $60 each.  How much did he pay?",
  "response": "Reasoning: \nFinal Answer: [number]###END###\n\n\nFinal Answer: 360###END###\n\n\nExplanation:\nJohn buys 2 pairs of shoes for each of his 3 children. So he buys 2 x 3 = 6 pairs of shoes. Each pair costs $60, so the total cost is 6 x 60 = 360. Final Answer: 360###END###. I hope it is correct.  Please let me know if I am wrong.  Thank you.  -  -  -  -  -  -  -  -  -  -  -  -  -  -  -  -  -  -  -  -  -  -  -  -  -  -  -  -  -  -  -  -  -  -  -  -  -  -  -  -  -  -  -  -  -  -  -  -  -  -  -  -  -  -  -  -  -  -  -  -  -  -  -  -  -  -  -  -  -  -  -  -  -  -  -  -  -  -  -  -  -  -  -  -  -  -  -  -  -  -  -  -  -  -  -  -  -",
  "extracted_answer": "360",
  "reference_answer": "He bought 3*2=<<3*2=6>>6 pairs of shoes\nSo he spent 60*6=$<<60*6=360>>360\n#### 360",
  "is_correct": true,
  "timestamp": 1763456765.2190075
}