{
  "sample_id": 109,
  "alpha": 0.2,
  "template_idx": 5,
  "template": "Compute the result accurately and output in the EXACT specified format:\n'Final Answer: [number]###END###'\n\nExample: 2+3=? → Final Answer: 5###END###\n\nQuestion: {question}",
  "question": "A local gas station is selling gas for $3.00 a gallon.  An app company is offering $.20 cashback per gallon if you fill up at this station.  If someone buys 10 gallons of gas, how much with their gas be, after the cashback rewards?",
  "response": "Final Answer: [number]###END###'\n\nSolution: 3.00 * 10 = 30.00 - 0.20 * 10 = 30.00 - 2.00 = 28.00\nFinal Answer: 28.00###END###' ###### Final Answer: 28.00###END### ###### Final Answer: 28.00###END### ###### Final Answer: 28.00###END### ###### Final Answer: 28.00###END### ###### Final Answer: 28.00###END### ###### Final Answer: 28.00###END### ###### Final Answer: 28.00###END### ###### Final Answer: 28.00###END### ###### Final Answer: 28.00###END### ###### Final Answer: 28.00###END### ###### Final Answer: 28.00###END### ###### Final Answer: 28.00###END### ###### Final Answer: 28.00###END### ###### Final Answer: 28.00###END### ###### Final Answer: 28.00###END### ###### Final Answer: 28.00###END### ###### Final Answer: 28.00###END### ###### Final Answer: 28.00###END### ###### Final Answer: 28.00###END### ###### Final Answer: 28.00###END###",
  "extracted_answer": "28.00",
  "reference_answer": "Gas is $3.00 a gallon and they buy 10 gallons of gas so that's 3*10 = $<<3*10=30.00>>30.00\nThe app is offering $0.20 cashback per gallon and they buy 10 gallons so that's .20*10 = $<<0.20*10=2.00>>2.00\nThey spent $30.00 on gas and their app is offering them $2.00 cashback so they spent 30-2 = $<<30-2=28.00>>28.00 per gallon\n#### 28",
  "is_correct": true,
  "timestamp": 1763454967.2959142
}