{
  "sample_id": 111,
  "alpha": 0.4,
  "template_idx": 1,
  "template": "You are a math-savvy student. Solve the question step by step, focus on correct calculation, then output the final answer in the EXACT format (MUST follow):\n'Final Answer: [number]###END###'\n\nExample:\nQuestion: James runs 3 sprints 3 times a week. He runs 60 meters each sprint. Total meters?\nStep 1: Total sprints per week = 3 times/week * 3 sprints/time = 9 sprints\nStep 2: Total meters = 9 sprints * 60 meters/sprint = 540 meters\nFinal Answer: 540###END###\n\nQuestion: {question}",
  "question": "Julia’s boat sprang a leak while she was out on the lake. The boat was taking on two liters of water for every ten feet she rowed back towards shore. It took her sixteen seconds to row twenty feet. The shore was 64 seconds away. How much water had the boat taken on by the time Julia reached shore?",
  "response": "Step by step solution:\n\nStep 1: Calculate the rate at which Julia rows. In 16 seconds, she rows 20 feet. So, 1 second = 20/16 feet = 5/4 feet.\nStep 2: Calculate the distance to shore. In 64 seconds, she rows 64 * (5/4) = 80 feet.\nStep 3: Calculate the amount of water taken on. For every 10 feet, 2 liters of water are taken on. So, for 80 feet, 2 * (80/10) = 16 liters of water are taken on.\nFinal Answer: 16###END###'###END###'###END###'###END###'###END###'###END###'###END###'###END###'###END###'###END###'###END###'###END###'###END###'###END###'###END###'###END###'###END###'###END###'###END###'###END###'###END###'###END###'###END###'###END###'###END###'###END###'###END###'###END###'###END###'###END###'###END###'###END###'###END###'###END###'###END###'###END###'###END###'###END###'###END###'###END###'###END###'###END###",
  "extracted_answer": "16",
  "reference_answer": "It took Julia 64 seconds to reach shore, so it took 64 / 16 = <<64/16=4>>4 times rowing 20 feet to reach the shore.\nThus, she had to row 20 * 4 = <<20*4=80>>80 feet back to shore.\nIn those 80 feet, she took on 2 liters of water 80 / 10 = <<80/10=8>>8 times.\nThus, the boat had taken on 8 * 2 = <<8*2=16>>16 liters of water by the time Julia reached the shore.\n#### 16",
  "is_correct": true,
  "timestamp": 1763455192.590683
}