{
  "sample_id": 113,
  "alpha": 0.8,
  "template_idx": 4,
  "template": "Solve the problem with accurate calculation, then output ONLY the final answer in this format:\n'Final Answer: [number]###END###'\n\nQuestion: {question}",
  "question": "Ryan plants 2 flowers a day in his garden. After 15 days, how many flowers does he have if 5 did not grow?",
  "response": "Final Answer: 30###END###  ######  ######  ######  ######  ######  ######  ######  ######  ######  ######  ######  ######  ######  ######  ######  ######  ######  ######  ######  ######  ######  ######  ######  ######  ######  ######  ######  ######  ######  ######  ######  ######  ######  ######  ######  ######  ######  ######  ######  ######  ######  ######  ######  ######  ######  ######  ######  ######  ######  ######  ######  ######  ######  ######  ######  ######  ######  ######  ######  ######  ######  ######  ######  ######  ######  ######  ######  ######  ######  ######  ######  ######  ######  ######  ######  ######  ######  ######  ######  ######  ######  ######  ######  ######  ######  ######  ######  ######  ######  ######  ######  ######  ######  ######  ######  ######  ######",
  "extracted_answer": "30",
  "reference_answer": "Ryan plants 2*15=<<2*15=30>>30 flowers in total.\nGiven 5 plants did not grow, he has 30-5=<<30-5=25>>25 flowers in his garden.\n#### 25",
  "is_correct": false,
  "timestamp": 1763458126.913957
}