{
  "sample_id": 116,
  "alpha": 1.0,
  "template_idx": 1,
  "template": "You are a math-savvy student. Solve the question step by step, focus on correct calculation, then output the final answer in the EXACT format (MUST follow):\n'Final Answer: [number]###END###'\n\nExample:\nQuestion: James runs 3 sprints 3 times a week. He runs 60 meters each sprint. Total meters?\nStep 1: Total sprints per week = 3 times/week * 3 sprints/time = 9 sprints\nStep 2: Total meters = 9 sprints * 60 meters/sprint = 540 meters\nFinal Answer: 540###END###\n\nQuestion: {question}",
  "question": "Katy makes coffee using teaspoons of sugar and cups of water in the ratio of 7:13. If she used a total of 120 teaspoons of sugar and cups of water, calculate the number of teaspoonfuls of sugar she used.",
  "response": "Let's denote the number of teaspoons of sugar as x.\n\nStep 1: Let's denote the number of cups of water as y. Since the ratio of sugar to water is 7:13, we can write the equation: 7x/13 = y\nStep 2: We know that x + y = 120 (since the total amount of sugar and water is 120). Substitute y from the equation in Step 1 into this equation:\n7x/13 + x = 120\nStep 3: Multiply both sides by 13 to eliminate the fraction:\n91x + 13x = 1560\nStep 4: Combine like terms:\n104x = 1560\nStep 5: Divide both sides by 104:\nx = 15\nFinal Answer: 15###END###\n\n\nFinal Answer: 15###END###\n\n\n#### 15###END###\n\n\n#### 15###END###\n\n\n#### 15###END###\n\n\n#### 15###END###\n\n\n#### 15###END###\n\n\n#### 15###END###\n\n\n#### 15###END###\n\n\n#### 15###END###\n\n\n#### 15###END###\n\n\n#### 15###END###\n\n\n#### 15###END###\n\n\n#### 15###END###\n\n\n#### 15###END###\n\n\n#### 15###END###\n\n\n#### 15###END###\n\n\n#### 15###END###\n\n\n#### 15###END###\n\n\n####",
  "extracted_answer": "15",
  "reference_answer": "The total ratio representing the ingredients she used to make the coffee is 7+13 = <<7+13=20>>20\nSince the fraction representing the number of teaspoons she used is 7/20, she used 7/20*120 = <<7/20*120=42>>42\n#### 42",
  "is_correct": false,
  "timestamp": 1763458577.4549525
}