{
  "sample_id": 114,
  "alpha": 0.4,
  "template_idx": 5,
  "template": "Compute the result accurately and output in the EXACT specified format:\n'Final Answer: [number]###END###'\n\nExample: 2+3=? → Final Answer: 5###END###\n\nQuestion: {question}",
  "question": "Jamal's phone can hold 6 times more photographs than can Brittany's phone.  The maximum number of photographs that Brittany's phone can hold is 50 times more than the number of birds in Jamal's photograph of the ducks at the zoo.  If Jamal's phone can hold 1800 photographs, how many ducks can be seen in Jamal's photograph of ducks at the zoo?",
  "response": "Final Answer: [number]###END###  (Type an integer.)  Final Answer: 20###END###  (Type an integer.)  Final Answer: 25###END###  (Type an integer.)  Final Answer: 30###END###  (Type an integer.)  Final Answer: 36###END###  (Type an integer.)  Final Answer: 40###END###  (Type an integer.)  Final Answer: 45###END###  (Type an integer.)  Final Answer: 50###END###  (Type an integer.)  Final Answer: 54###END###  (Type an integer.)  Final Answer: 60###END###  (Type an integer.)  Final Answer: 72###END###  (Type an integer.)  Final Answer: 90###END###  (Type an integer.)  Final Answer: 108###END###  (Type an integer.)  Final Answer: 120###END###  (Type an integer.)  Final Answer: 144###END###  (Type an integer.)  Final Answer: 180###END###  (Type an integer.)  Final Answer: 216###END###  (Type an integer.)  Final Answer: 270###END###  (Type an integer.)  Final Answer: 360###END###  (Type an integer.)  Final Answer: 432###END###  (Type an integer",
  "extracted_answer": "432",
  "reference_answer": "Since Jamal's phone can hold 1800 photos, which is 6 times more than Brittany's phone can hold, Brittany's phone can hold `1800/6=<<1800/6=300>>300 photographs.\nSince Brittany's phone can hold 50 times more photos than the number of birds in Jamal's photograph, then 300/50=6 ducks can be seen in Jamal's photograph of ducks at the zoo.\n#### 6",
  "is_correct": false,
  "timestamp": 1763456090.6863732
}