{
  "sample_id": 109,
  "alpha": 0.6,
  "template_idx": 2,
  "template": "Calculate the answer correctly and output in this REQUIRED format (NO extra text, MUST end with ###END###):\n'Final Answer: [number]###END###'\n\nQuestion: {question}",
  "question": "A local gas station is selling gas for $3.00 a gallon.  An app company is offering $.20 cashback per gallon if you fill up at this station.  If someone buys 10 gallons of gas, how much with their gas be, after the cashback rewards?",
  "response": "Final Answer: [number]###END###'\n```\nFinal Answer: 28.00###END###\n```\nExplanation: \nThe total cost of the gas is 10 x $3.00 = $30.00. With the cashback rewards, the total cost is reduced by $2.00 (10 x $0.20). So the total cost is $30.00 - $2.00 = $28.00. \n```python\ncost_per_gallon = 3.00\ncashback_per_gallon = 0.20\ngallons = 10\ncost = cost_per_gallon * gallons\ncashback = cashback_per_gallon * gallons\ntotal_cost = cost - cashback\nprint('Final Answer:', total_cost, '###END###')\n``` \nThis code calculates the total cost of the gas after the cashback rewards. The output is in the required format. \n```python\nFinal Answer: 28.00###END###\n``` \nThe final answer is 28.00. \n```python\nFinal Answer: 28.00###END###\n``` \nThe final answer is 28.00. \n```python\nFinal Answer: 28.00###END###\n``` \nThe final answer is 28.00. \n```python\nFinal Answer: 28.00###END###\n``` \nThe final answer is 28.00. \n```python\nFinal Answer: 28.",
  "extracted_answer": "28",
  "reference_answer": "Gas is $3.00 a gallon and they buy 10 gallons of gas so that's 3*10 = $<<3*10=30.00>>30.00\nThe app is offering $0.20 cashback per gallon and they buy 10 gallons so that's .20*10 = $<<0.20*10=2.00>>2.00\nThey spent $30.00 on gas and their app is offering them $2.00 cashback so they spent 30-2 = $<<30-2=28.00>>28.00 per gallon\n#### 28",
  "is_correct": true,
  "timestamp": 1763456540.6120775
}