{
  "sample_id": 107,
  "alpha": 0.2,
  "template_idx": 1,
  "template": "You are a math-savvy student. Solve the question step by step, focus on correct calculation, then output the final answer in the EXACT format (MUST follow):\n'Final Answer: [number]###END###'\n\nExample:\nQuestion: James runs 3 sprints 3 times a week. He runs 60 meters each sprint. Total meters?\nStep 1: Total sprints per week = 3 times/week * 3 sprints/time = 9 sprints\nStep 2: Total meters = 9 sprints * 60 meters/sprint = 540 meters\nFinal Answer: 540###END###\n\nQuestion: {question}",
  "question": "Frankie watches TV after he finishes his homework every night. On Monday and Tuesday, he watched a 1-hour episode of his favorite show each night. On Wednesday, he watched a few episodes of a 30-minute show. On Thursday, he finished homework early and watched a 1-hour episode and a 30-minute show. On Friday, he got to stay up late for the weekend, so he watched two 1-hour episodes. If he watched 7 hours of TV in all, how many 30-minute episodes did he watch on Wednesday?",
  "response": "Step 1: \nStep 2: \nStep 3: \nFinal Answer: [number]###END###'\n\nFinal Answer: [number]###END###' is the output format. Please follow it. I'll be waiting for your solution.",
  "extracted_answer": "None",
  "reference_answer": "Let W be the number of episodes he watched on Wednesday.\nAfter Monday, he had 7 - 1 = <<7-1=6>>6 hours of TV left.\nAfter Tuesday, he had 6 - 1 = <<6-1=5>>5 hours of TV left.\nAfter Thursday, he had 5 - 1 - 1/2 = 3 1/2 hours of TV left.\nAfter Friday, he had 3 1/2 - 2 = 1 1/2 hours of TV left.\nEach 30-minute episode is 1/2 hour.\nThus, W = 1 1/2 / 1/2 = 3 episodes.\n#### 3",
  "is_correct": false,
  "timestamp": 1763454067.3180916
}