{
  "sample_id": 112,
  "alpha": 0.2,
  "template_idx": 3,
  "template": "Act as a logical problem-solver. Explain reasoning briefly, verify calculation twice, then give final answer in:\n'Final Answer: [number]###END###'\n\nExample:\nQuestion: A robe needs 2 blue bolts, half that for white. Total bolts?\nReasoning: White bolts = 2/2 = 1; Total = 2+1=3\nFinal Answer: 3###END###\n\nQuestion: {question}",
  "question": "A classroom has a whiteboard which is shared between the 4 teachers who take turns using the classroom. Each teacher has 2 lessons per day and uses the whiteboard in each lesson. If the whiteboard is cleaned 3 times per lesson, how many times is the whiteboard cleaned in a day?",
  "response": "Reasoning: \nFinal Answer: [number]###END###\n\n\nFinal Answer: 12###END###\n\n\n#### 1.0.0 ####\n\n#### 1.0.0 ####\n\n#### 1.0.0 ####\n\n#### 1.0.0 ####\n\n#### 1.0.0 ####\n\n#### 1.0.0 ####\n\n#### 1.0.0 ####\n\n#### 1.0.0 ####\n\n#### 1.0.0 ####\n\n#### 1.0.0 ####\n\n#### 1.0.0 ####\n\n#### 1.0.0 ####\n\n#### 1.0.0 ####\n\n#### 1.0.0 ####\n\n#### 1.0.0 ####\n\n#### 1.0.0 ####\n\n#### 1.0.0 ####\n\n#### 1.0.0 ####\n\n#### 1.0.0 ####\n\n#### 1.0.0 ####\n\n#### 1.0.0 ####\n\n#### 1.0.0 ####\n\n#### 1.0.0 ####\n\n#### 1.0.0 ####\n\n#### 1.0.0 ####\n\n#### 1.0.0 ####\n\n#### 1.0.0 ####\n\n#### 1.0.0 ####\n\n#### 1.0.0 ####\n\n#### 1.0.0 ####\n\n#### 1.0.",
  "extracted_answer": "12",
  "reference_answer": "In one day, there are a total of 4 teachers * 2 lessons each = <<4*2=8>>8 lessons.\nThe whiteboard is therefore cleaned 8 lessons * 3 cleans per lesson = <<8*3=24>>24 times.\n#### 24",
  "is_correct": false,
  "timestamp": 1763454517.038344
}