{
  "sample_id": 116,
  "alpha": 0.6,
  "template_idx": 4,
  "template": "Solve the problem with accurate calculation, then output ONLY the final answer in this format:\n'Final Answer: [number]###END###'\n\nQuestion: {question}",
  "question": "Katy makes coffee using teaspoons of sugar and cups of water in the ratio of 7:13. If she used a total of 120 teaspoons of sugar and cups of water, calculate the number of teaspoonfuls of sugar she used.",
  "response": "Final Answer: 84###END###. 84 is the answer. 84###END###. 84###END###. 84###END###. 84###END###. 84###END###. 84###END###. 84###END###. 84###END###. 84###END###. 84###END###. 84###END###. 84###END###. 84###END###. 84###END###. 84###END###. 84###END###. 84###END###. 84###END###. 84###END###. 84###END###. 84###END###. 84###END###. 84###END###. 84###END###. 84###END###. 84###END###. 84###END###. 84###END###. 84###END###. 84###END###. 84###END###. 84###END###. 84###END###. 84###END###. 84###END###. 84###END###. 84###END###. 84###END###. 84###END###. 84###END###. 84###END###. 84###END###. 84###END###. 84###END###. 84###END###. 84###END###. 84###END###. 84",
  "extracted_answer": "84",
  "reference_answer": "The total ratio representing the ingredients she used to make the coffee is 7+13 = <<7+13=20>>20\nSince the fraction representing the number of teaspoons she used is 7/20, she used 7/20*120 = <<7/20*120=42>>42\n#### 42",
  "is_correct": false,
  "timestamp": 1763456990.7254922
}