{
  "sample_id": 102,
  "alpha": 0.4,
  "template_idx": 5,
  "template": "Compute the result accurately and output in the EXACT specified format:\n'Final Answer: [number]###END###'\n\nExample: 2+3=? → Final Answer: 5###END###\n\nQuestion: {question}",
  "question": "John likes to have a glass of water with breakfast, lunch and dinner.  Finally, he has one before he goes to bed as well.  John does this every weekday, but on the weekends he likes to relax and have a soda with dinner instead.  How many glasses of water does John drink in a week?",
  "response": "Solution: \nJohn drinks 3 glasses of water per day, 5 days a week.  That is 3 x 5 = 15.  On the weekends, he drinks 2 glasses of soda and 1 glass of water.  That is 3 glasses per day.  2 days per week.  2 x 3 = 6.  In total, John drinks 15 + 6 = 21 glasses of water and soda in a week.  But John drinks 15 glasses of water.  So the answer is 15. \n\nFinal Answer: 15###END###.  Final Answer: 15###END###.  Final Answer: 15###END###.  Final Answer: 15###END###.  Final Answer: 15###END###.  Final Answer: 15###END###.  Final Answer: 15###END###.  Final Answer: 15###END###.  Final Answer: 15###END###.  Final Answer: 15###END###.  Final Answer: 15###END###.  Final Answer: 15###END###.  Final Answer: 15###END###.  Final Answer: 15###END###.  Final Answer: 15###END###.  Final Answer: 15###END###.  Final Answer: 15###END###.  Final Answer: 15###END###.  Final",
  "extracted_answer": "15",
  "reference_answer": "John has 4 glasses of water a day on each of the 5 weekdays, for 4*5= <<4*5=20>>20 glasses.\nHe has 3 glasses of water on both weekend days, for 3*2= <<3*2=6>>6 glasses of water.\nHe has 20+6=<<20+6=26>>26 total glasses of water in a week.\n#### 26",
  "is_correct": false,
  "timestamp": 1763456090.6859193
}