{
  "sample_id": 101,
  "alpha": 0.4,
  "template_idx": 3,
  "template": "Act as a logical problem-solver. Explain reasoning briefly, verify calculation twice, then give final answer in:\n'Final Answer: [number]###END###'\n\nExample:\nQuestion: A robe needs 2 blue bolts, half that for white. Total bolts?\nReasoning: White bolts = 2/2 = 1; Total = 2+1=3\nFinal Answer: 3###END###\n\nQuestion: {question}",
  "question": "Solo has to read 4 pages from his Science textbook, 20 pages from his Social Studies textbook, 7 pages from his History textbook and 8 pages from his Geography textbook. Solo read 15 pages on Monday. If he has 4  more days to complete all his reading, how many pages does he need to read, on average, in one day?",
  "response": "Final Answer: [number]###END### (1 digit)###END### (1 digit)###END### (1 digit)###END### (1 digit)###END### (1 digit)###END### (1 digit)###END### (1 digit)###END### (1 digit)###END### (1 digit)###END### (1 digit)###END### (1 digit)###END### (1 digit)###END### (1 digit)###END### (1 digit)###END### (1 digit)###END### (1 digit)###END### (1 digit)###END### (1 digit)###END### (1 digit)###END### (1 digit)###END### (1 digit)###END### (1 digit)###END### (1 digit)###END### (1 digit)###END### (1 digit)###END### (1 digit)###END### (1 digit)###END### (1 digit)###END### (1 digit)###END### (1 digit)###END### (1 digit)###END### (1 digit)###END### (1 digit)###END### (1 digit)###END### (1 digit)###END### (1 digit)###END### (1 digit)###END### (1 digit)###END### (1 digit)###END### (1 digit)###END### (1 digit)###END### (1 digit",
  "extracted_answer": "None",
  "reference_answer": "Solo has to read a total of 4 + 20 + 7 + 8 = <<4+20+7+8=39>>39 pages.\nAfter Monday, he had a remainder of 39 - 15 = <<39-15=24>>24 pages to read.\nTo complete his reading, he must read 24/4 = <<24/4=6>>6 pages a day.\n#### 6",
  "is_correct": false,
  "timestamp": 1763455641.8209665
}