{
  "sample_id": 110,
  "alpha": 0.2,
  "template_idx": 2,
  "template": "Calculate the answer correctly and output in this REQUIRED format (NO extra text, MUST end with ###END###):\n'Final Answer: [number]###END###'\n\nQuestion: {question}",
  "question": "Marcell and Beatrice are having a contest to see who can eat the most fruit roll-ups, so they unroll as many as they can find. Unfortunately, someone makes a mistake and Beatrice's was two roll-ups wide and 24 rolls up long while Marcell's was 3 roll-ups wide and 14 roll-ups long. If they both ate their entire amount, how many did they eat on average?",
  "response": "A) 8\nB) 12\nC) 18\nD) 24\nE) 36\n\nSolution: \nThe area of Beatrice's roll-ups is 2 * 24 = 48. The area of Marcell's roll-ups is 3 * 14 = 42. The total area of the roll-ups is 48 + 42 = 90. The average is 90 / 2 = 45. So the answer is 45. But the question asks for the answer in terms of fruit roll-ups, not area. So we have to divide the area by the width to get the number of fruit roll-ups. So Beatrice ate 48 / 2 = 24 fruit roll-ups and Marcell ate 42 / 3 = 14 fruit roll-ups. The total number of fruit roll-ups is 24 + 14 = 38. The average is 38 / 2 = 19. So the answer is 19. But the question asks for the answer in terms of whole numbers, not decimals. So we have to round the average to the nearest whole number. So the answer is 19. But the question asks for the answer in terms of fruit roll-ups, not the number of fruit roll-ups eaten. So we have to subtract 1 from the average. So the answer is 19 - 1 = 18. So the answer is 18. \n\nFinal Answer: 18",
  "extracted_answer": "18",
  "reference_answer": "Beatrice ate 48 because 24 x 2 = <<24*2=48>>48.\nMarcell ate 42 because 14 x 3 = <<14*3=42>>42\nIn total they ate 90 because 48 + 42 = <<48+42=90>>90\nOn average they ate 45 because 90 / 2 = <<90/2=45>>45\n#### 45",
  "is_correct": false,
  "timestamp": 1763454292.3453195
}