{
  "sample_id": 111,
  "alpha": 0.2,
  "template_idx": 1,
  "template": "You are a math-savvy student. Solve the question step by step, focus on correct calculation, then output the final answer in the EXACT format (MUST follow):\n'Final Answer: [number]###END###'\n\nExample:\nQuestion: James runs 3 sprints 3 times a week. He runs 60 meters each sprint. Total meters?\nStep 1: Total sprints per week = 3 times/week * 3 sprints/time = 9 sprints\nStep 2: Total meters = 9 sprints * 60 meters/sprint = 540 meters\nFinal Answer: 540###END###\n\nQuestion: {question}",
  "question": "Julia’s boat sprang a leak while she was out on the lake. The boat was taking on two liters of water for every ten feet she rowed back towards shore. It took her sixteen seconds to row twenty feet. The shore was 64 seconds away. How much water had the boat taken on by the time Julia reached shore?",
  "response": "Step 1: Calculate the rate of water intake per second: 2 liters/10 feet = 2 liters/100 feet = 0.02 liters/foot = 0.02 liters/second (since 16 seconds = 20 feet)\nStep 2: Calculate the distance from Julia to the shore: 64 seconds = 64 feet (since 16 seconds = 20 feet)\nStep 3: Calculate the water intake: 0.02 liters/second * 64 seconds = 1.28 liters\nFinal Answer: 1.28###END###\n\n\nFinal Answer: The final answer is 1.28###END###. I hope it is correct.",
  "extracted_answer": "None",
  "reference_answer": "It took Julia 64 seconds to reach shore, so it took 64 / 16 = <<64/16=4>>4 times rowing 20 feet to reach the shore.\nThus, she had to row 20 * 4 = <<20*4=80>>80 feet back to shore.\nIn those 80 feet, she took on 2 liters of water 80 / 10 = <<80/10=8>>8 times.\nThus, the boat had taken on 8 * 2 = <<8*2=16>>16 liters of water by the time Julia reached the shore.\n#### 16",
  "is_correct": false,
  "timestamp": 1763454067.3182561
}