{
  "sample_id": 103,
  "alpha": 1.0,
  "template_idx": 4,
  "template": "Solve the problem with accurate calculation, then output ONLY the final answer in this format:\n'Final Answer: [number]###END###'\n\nQuestion: {question}",
  "question": "A fog bank rolls in from the ocean to cover a city. It takes 10 minutes to cover every 3 miles of the city. If the city is 42 miles across from the oceanfront to the opposite inland edge, how many minutes will it take for the fog bank to cover the whole city?",
  "response": "Final Answer: 84###END###  #######  #######  #######  #######  #######  #######  #######  #######  #######  #######  #######  #######  #######  #######  #######  #######  #######  #######  #######  #######  #######  #######  #######  #######  #######  #######  #######  #######  #######  #######  #######  #######  #######  #######  #######  #######  #######  #######  #######  #######  #######  #######  #######  #######  #######  #######  #######  #######  #######  #######  #######  #######  #######  #######  #######  #######  #######  #######  #######  #######  #######  #######  #######  #######  #######  #######  #######  #######  #######  #######  #######  #######  #######  #######  #######  #######  #######  #######  #######  #######  #######  #######  #######  #######  #######  #######  #######  #######  #######  #######  #######  #######  #######  #######  #######  #######  #######",
  "extracted_answer": "84",
  "reference_answer": "The city will be covered in 42 / 3 = <<42/3=14>>14 intervals of 10 minutes.\nThus, it will take 14 * 10 = <<14*10=140>>140 minutes for the fog to cover the whole city.\n#### 140",
  "is_correct": false,
  "timestamp": 1763459252.4291272
}