{
  "sample_id": 0,
  "alpha": 1.0,
  "template_idx": 3,
  "template": "Act as a logical problem-solver. Explain reasoning briefly, verify calculation twice, then give final answer in:\n'Final Answer: [number]###END###'\n\nExample:\nQuestion: A robe needs 2 blue bolts, half that for white. Total bolts?\nReasoning: White bolts = 2/2 = 1; Total = 2+1=3\nFinal Answer: 3###END###\n\nQuestion: {question}",
  "question": "Janet’s ducks lay 16 eggs per day. She eats three for breakfast every morning and bakes muffins for her friends every day with four. She sells the remainder at the farmers' market daily for $2 per fresh duck egg. How much in dollars does she make every day at the farmers' market?",
  "response": "Reasoning: \nFinal Answer: [number]###END###  (Show your work)  (Show your work)  (Show your work)  (Show your work)  (Show your work)  (Show your work)  (Show your work)  (Show your work)  (Show your work)  (Show your work)  (Show your work)  (Show your work)  (Show your work)  (Show your work)  (Show your work)  (Show your work)  (Show your work)  (Show your work)  (Show your work)  (Show your work)  (Show your work)  (Show your work)  (Show your work)  (Show your work)  (Show your work)  (Show your work)  (Show your work)  (Show your work)  (Show your work)  (Show your work)  (Show your work)  (Show your work)  (Show your work)  (Show your work)  (Show your work)  (Show your work)  (Show your work)  (Show your work)  (Show your work)  (Show your work)  (Show your work)  (Show your work)  (Show your work)  (Show your work)  (Show your work)  (Show your work)  (Show your work)  (Show your",
  "extracted_answer": "None",
  "reference_answer": "Janet sells 16 - 3 - 4 = <<16-3-4=9>>9 duck eggs a day.\nShe makes 9 * 2 = $<<9*2=18>>18 every day at the farmer’s market.\n#### 18",
  "is_correct": false,
  "timestamp": 1763459027.381596
}