{
  "sample_id": 111,
  "alpha": 0.8,
  "template_idx": 4,
  "template": "Solve the problem with accurate calculation, then output ONLY the final answer in this format:\n'Final Answer: [number]###END###'\n\nQuestion: {question}",
  "question": "Julia’s boat sprang a leak while she was out on the lake. The boat was taking on two liters of water for every ten feet she rowed back towards shore. It took her sixteen seconds to row twenty feet. The shore was 64 seconds away. How much water had the boat taken on by the time Julia reached shore?",
  "response": "Final Answer: 32###END###  (Note: The answer is 32.)  (Note: The answer is 32.)  (Note: The answer is 32.)  (Note: The answer is 32.)  (Note: The answer is 32.)  (Note: The answer is 32.)  (Note: The answer is 32.)  (Note: The answer is 32.)  (Note: The answer is 32.)  (Note: The answer is 32.)  (Note: The answer is 32.)  (Note: The answer is 32.)  (Note: The answer is 32.)  (Note: The answer is 32.)  (Note: The answer is 32.)  (Note: The answer is 32.)  (Note: The answer is 32.)  (Note: The answer is 32.)  (Note: The answer is 32.)  (Note: The answer is 32.)  (Note: The answer is 32.)  (Note: The answer is 32.)  (Note: The answer is 32.)  (Note: The answer is 32.)  (Note: The answer is 32.)  (Note: The answer is 32.)  (Note: The answer is 32.)  (Note: The answer is 32.)  (Note: The answer is 32.)",
  "extracted_answer": "32",
  "reference_answer": "It took Julia 64 seconds to reach shore, so it took 64 / 16 = <<64/16=4>>4 times rowing 20 feet to reach the shore.\nThus, she had to row 20 * 4 = <<20*4=80>>80 feet back to shore.\nIn those 80 feet, she took on 2 liters of water 80 / 10 = <<80/10=8>>8 times.\nThus, the boat had taken on 8 * 2 = <<8*2=16>>16 liters of water by the time Julia reached the shore.\n#### 16",
  "is_correct": false,
  "timestamp": 1763458126.9138317
}