{
  "sample_id": 102,
  "alpha": 0.2,
  "template_idx": 2,
  "template": "Calculate the answer correctly and output in this REQUIRED format (NO extra text, MUST end with ###END###):\n'Final Answer: [number]###END###'\n\nQuestion: {question}",
  "question": "John likes to have a glass of water with breakfast, lunch and dinner.  Finally, he has one before he goes to bed as well.  John does this every weekday, but on the weekends he likes to relax and have a soda with dinner instead.  How many glasses of water does John drink in a week?",
  "response": "####  ####  ####  ####  ####  ####  ####  ####  ####  ####  ####  ####  ####  ####  ####  ####  ####  ####  ####  ####  ####  ####  ####  ####  ####  ####  ####  ####  ####  ####  ####  ####  ####  ####  ####  ####  ####  ####  ####  ####  ####  ####  ####  ####  ####  ####  ####  ####  ####  ####  ####  ####  ####  ####  ####  ####  ####  ####  ####  ####  ####  ####  ####  ####  ####  ####  ####  ####  ####  ####  ####  ####  ####  ####  ####  ####  ####  ####  ####  ####  ####  ####  ####  ####  ####  ####  ####  ####  ####  ####  ####  ####  ####  ####  ####  ####  ####  ####  ####  ####  ####  ####  ####  ####  ####  ####  ####  ####  ####  ####  ####  ####  ####  ####  ####  ####  ####  ####  ####  ####  ####  ####  ####  ####  ####  ####  ####  ####  ####  ####  ####  ####  ####  ####  ####  ####  ####  ####  ####  ####  ####  ####  ####  ####  ####  ####  ####  ####  ####  ####",
  "extracted_answer": "None",
  "reference_answer": "John has 4 glasses of water a day on each of the 5 weekdays, for 4*5= <<4*5=20>>20 glasses.\nHe has 3 glasses of water on both weekend days, for 3*2= <<3*2=6>>6 glasses of water.\nHe has 20+6=<<20+6=26>>26 total glasses of water in a week.\n#### 26",
  "is_correct": false,
  "timestamp": 1763454292.3450441
}