{
  "sample_id": 104,
  "alpha": 1.0,
  "template_idx": 2,
  "template": "Calculate the answer correctly and output in this REQUIRED format (NO extra text, MUST end with ###END###):\n'Final Answer: [number]###END###'\n\nQuestion: {question}",
  "question": "Poppy is solving a 1000-piece jigsaw puzzle. She places a quarter of the pieces on the board, then her mom places a third of the remaining pieces. How many jigsaw pieces are left to be placed?",
  "response": "A) 200\nB) 250\nC) 300\nD) 400\n\nSolution: \nLet's start with 1000 pieces. Poppy places a quarter of the pieces on the board. A quarter of 1000 is 1000/4 = 250. So, 250 pieces are placed. \nNow, there are 1000 - 250 = 750 pieces left. Then, her mom places a third of the remaining pieces. A third of 750 is 750/3 = 250. \nSo, 250 pieces are placed by her mom. \nNow, there are 750 - 250 = 500 pieces left. \nFinal Answer: 500###END###'  (Note: The answer is in the correct format)  ```python\n# calculate the answer\ntotal_pieces = 1000\npoppy_pieces = total_pieces / 4\nmom_pieces = (total_pieces - poppy_pieces) / 3\nremaining_pieces = total_pieces - (poppy_pieces + mom_pieces)\n\n# output the answer\nprint(f'Final Answer: {remaining_pieces}###END###')\n```  When you run this code, it will output the answer in the required format.  ```python\nFinal Answer: 500###END###  ```  This is the correct answer.  ```python  ```  ```python  ```python  ```python  ```python  ```python  ```python  ```",
  "extracted_answer": "500",
  "reference_answer": "Poppy has placed 1000 pieces / 4 = <<1000/4=250>>250 pieces.\nThis means there are 1000 – 250 = <<1000-250=750>>750 pieces remaining.\nHer mom therefore places 750 / 3 = <<750/3=250>>250 pieces.\nThis leaves a total of 750 – 250 = <<750-250=500>>500 jigsaw pieces left to be placed.\n#### 500",
  "is_correct": true,
  "timestamp": 1763458802.5385215
}