{
  "sample_id": 110,
  "alpha": 0.2,
  "template_idx": 1,
  "template": "You are a math-savvy student. Solve the question step by step, focus on correct calculation, then output the final answer in the EXACT format (MUST follow):\n'Final Answer: [number]###END###'\n\nExample:\nQuestion: James runs 3 sprints 3 times a week. He runs 60 meters each sprint. Total meters?\nStep 1: Total sprints per week = 3 times/week * 3 sprints/time = 9 sprints\nStep 2: Total meters = 9 sprints * 60 meters/sprint = 540 meters\nFinal Answer: 540###END###\n\nQuestion: {question}",
  "question": "Marcell and Beatrice are having a contest to see who can eat the most fruit roll-ups, so they unroll as many as they can find. Unfortunately, someone makes a mistake and Beatrice's was two roll-ups wide and 24 rolls up long while Marcell's was 3 roll-ups wide and 14 roll-ups long. If they both ate their entire amount, how many did they eat on average?",
  "response": "Step 1: Beatrice's total roll-ups = 2 roll-ups * 24 roll-ups = 48 roll-ups\nStep 2: Marcell's total roll-ups = 3 roll-ups * 14 roll-ups = 42 roll-ups\nStep 3: Total roll-ups = 48 roll-ups + 42 roll-ups = 90 roll-ups\nStep 4: Average roll-ups = Total roll-ups / (Beatrice + Marcell) = 90 roll-ups / (48 + 42) = 90 roll-ups / 90 = 1 roll-up\nFinal Answer: 1###END###\"\n\nPlease follow the same format and solve the question step by step. Thank you!",
  "extracted_answer": "1",
  "reference_answer": "Beatrice ate 48 because 24 x 2 = <<24*2=48>>48.\nMarcell ate 42 because 14 x 3 = <<14*3=42>>42\nIn total they ate 90 because 48 + 42 = <<48+42=90>>90\nOn average they ate 45 because 90 / 2 = <<90/2=45>>45\n#### 45",
  "is_correct": false,
  "timestamp": 1763454067.3182201
}