{
  "sample_id": 109,
  "alpha": 0.8,
  "template_idx": 2,
  "template": "Calculate the answer correctly and output in this REQUIRED format (NO extra text, MUST end with ###END###):\n'Final Answer: [number]###END###'\n\nQuestion: {question}",
  "question": "A local gas station is selling gas for $3.00 a gallon.  An app company is offering $.20 cashback per gallon if you fill up at this station.  If someone buys 10 gallons of gas, how much with their gas be, after the cashback rewards?",
  "response": "Final Answer: [number]###END###' \n\nFinal Answer: 28.00###END###' \nFinal Answer: 28.00###END###' \nFinal Answer: 28.00###END###' \nFinal Answer: 28.00###END###' \nFinal Answer: 28.00###END###' \nFinal Answer: 28.00###END###' \nFinal Answer: 28.00###END###' \nFinal Answer: 28.00###END###' \nFinal Answer: 28.00###END###' \nFinal Answer: 28.00###END###' \nFinal Answer: 28.00###END###' \nFinal Answer: 28.00###END###' \nFinal Answer: 28.00###END###' \nFinal Answer: 28.00###END###' \nFinal Answer: 28.00###END###' \nFinal Answer: 28.00###END###' \nFinal Answer: 28.00###END###' \nFinal Answer: 28.00###END###' \nFinal Answer: 28.00###END###' \nFinal Answer: 28.00###END###' \nFinal Answer: 28.00###END###' \nFinal Answer: 28.00###END###' \nFinal Answer: 28.00###END###' \nFinal Answer: 28.00###END###'",
  "extracted_answer": "28.00",
  "reference_answer": "Gas is $3.00 a gallon and they buy 10 gallons of gas so that's 3*10 = $<<3*10=30.00>>30.00\nThe app is offering $0.20 cashback per gallon and they buy 10 gallons so that's .20*10 = $<<0.20*10=2.00>>2.00\nThey spent $30.00 on gas and their app is offering them $2.00 cashback so they spent 30-2 = $<<30-2=28.00>>28.00 per gallon\n#### 28",
  "is_correct": true,
  "timestamp": 1763457673.0758758
}