{
  "sample_id": 105,
  "alpha": 0.6,
  "template_idx": 1,
  "template": "You are a math-savvy student. Solve the question step by step, focus on correct calculation, then output the final answer in the EXACT format (MUST follow):\n'Final Answer: [number]###END###'\n\nExample:\nQuestion: James runs 3 sprints 3 times a week. He runs 60 meters each sprint. Total meters?\nStep 1: Total sprints per week = 3 times/week * 3 sprints/time = 9 sprints\nStep 2: Total meters = 9 sprints * 60 meters/sprint = 540 meters\nFinal Answer: 540###END###\n\nQuestion: {question}",
  "question": "Cody eats three times as many cookies as Amir eats. If Amir eats 5 cookies, how many cookies do both of them eat together?",
  "response": "Step 1: Cody eats 3 times as many cookies as Amir, so Cody eats 3 * 5 = 15 cookies.\nStep 2: Total cookies = Amir's cookies + Cody's cookies = 5 + 15 = 20 cookies\nFinal Answer: 20###END###",
  "extracted_answer": "20",
  "reference_answer": "Cody eats 5*3 = <<5*3=15>>15 cookies.\nCody and Amir eat 15+5 = <<15+5=20>>20 cookies together.\n#### 20",
  "is_correct": true,
  "timestamp": 1763456315.1076016
}