{
  "sample_id": 102,
  "alpha": 1.0,
  "template_idx": 1,
  "template": "You are a math-savvy student. Solve the question step by step, focus on correct calculation, then output the final answer in the EXACT format (MUST follow):\n'Final Answer: [number]###END###'\n\nExample:\nQuestion: James runs 3 sprints 3 times a week. He runs 60 meters each sprint. Total meters?\nStep 1: Total sprints per week = 3 times/week * 3 sprints/time = 9 sprints\nStep 2: Total meters = 9 sprints * 60 meters/sprint = 540 meters\nFinal Answer: 540###END###\n\nQuestion: {question}",
  "question": "John likes to have a glass of water with breakfast, lunch and dinner.  Finally, he has one before he goes to bed as well.  John does this every weekday, but on the weekends he likes to relax and have a soda with dinner instead.  How many glasses of water does John drink in a week?",
  "response": "Step 1: Glasses of water per weekday = 3 meals/day * 5 days/week = 15 glasses\nStep 2: Glasses of water per weekend = 1 meal/weekend * 2 weekends/week = 2 glasses\nStep 3: Total glasses of water = 15 glasses/weekday + 2 glasses/weekend = 17 glasses\nFinal Answer: 17###END###'  (Answer should be a whole number)  (No decimal points)  (No fractions)  (No commas)  (No spaces)  (Just the number)  (Exactly 2 digits)  (The number should be a whole number)  (The number should be a positive integer)  (The number should be an integer)  (The number should be a whole number)  (The number should be a positive integer)  (The number should be an integer)  (The number should be a whole number)  (The number should be a positive integer)  (The number should be an integer)  (The number should be a whole number)  (The number should be a positive integer)  (The number should be an integer)  (The number should be a whole number)  (The number should be a positive integer)  (The number should be an integer)  (The number should be a whole number)  (The number should be a positive integer)  (The number",
  "extracted_answer": "17",
  "reference_answer": "John has 4 glasses of water a day on each of the 5 weekdays, for 4*5= <<4*5=20>>20 glasses.\nHe has 3 glasses of water on both weekend days, for 3*2= <<3*2=6>>6 glasses of water.\nHe has 20+6=<<20+6=26>>26 total glasses of water in a week.\n#### 26",
  "is_correct": false,
  "timestamp": 1763458577.4543698
}