{
  "sample_id": 100,
  "alpha": 0.2,
  "template_idx": 3,
  "template": "Act as a logical problem-solver. Explain reasoning briefly, verify calculation twice, then give final answer in:\n'Final Answer: [number]###END###'\n\nExample:\nQuestion: A robe needs 2 blue bolts, half that for white. Total bolts?\nReasoning: White bolts = 2/2 = 1; Total = 2+1=3\nFinal Answer: 3###END###\n\nQuestion: {question}",
  "question": "Jerome had 4 friends who came to visit him on a certain day. The first friend pressed on the doorbell 20 times before Jerome opened, the second friend pressed on the doorbell 1/4 times more than Jerome's first friend. The third friend pressed on the doorbell 10 times more than the fourth friend. If the fourth friend pressed on the doorbell 60 times, how many doorbell rings did the doorbell make?",
  "response": "Final Answer: [number]###END###' 2021-07-21 12:12:44\n\nFinal Answer: 110###END###' 2021-07-21 12:12:45\n\nSolution:\nReasoning: \nFourth friend pressed 60 times. Third friend pressed 10 times more, so 60+10=70. Second friend pressed 20+15=35 times. First friend pressed 20 times. Total doorbell rings = 20+35+70+60 = 185.\nFinal Answer: 185###END###' 2021-07-21 12:13:05\n\nSolution:\nReasoning: \nFourth friend pressed 60 times. Third friend pressed 10 times more, so 60+10=70. Second friend pressed 20+15=35 times. First friend pressed 20 times. Total doorbell rings = 20+35+70+60 = 185.\nFinal Answer: 185###END###' 2021-07-21 12:13:06\n\nSolution:\nReasoning: \nFourth friend pressed 60 times. Third friend pressed 10 times more, so 60+10=70. Second friend pressed 20+15=35 times. First friend pressed 20 times. Total doorbell rings = 20+35+70+60 = 185.\nFinal Answer: 185###END###' 2021-07",
  "extracted_answer": "185",
  "reference_answer": "The second friend pressed on the doorbell 1/4 times more than Jerome's first friend, a total of 1/4*20=<<1/4*20=5>>5 times.\nJerome's second friend pressed on the doorbell 20+5=<<20+5=25>>25\nThe first two friends pressed on the doorbell 25+20=<<25+20=45>>45 times altogether before Jerome could open the door.\nJerome's third friend pressed on the doorbell 60+10=<<60+10=70>>70 times before Jerome could open the door.\nAltogether, Jerome's third and fourth friends pressed on the doorbell 70+60=<<70+60=130>>130 times before Jerome could open.\nThe number of doorbell rings that Jerome's friend made before Jerome could open the door is 130+45=<<130+45=175>>175 times.\n#### 175",
  "is_correct": false,
  "timestamp": 1763454517.0379338
}