{
  "sample_id": 101,
  "alpha": 1.0,
  "template_idx": 2,
  "template": "Calculate the answer correctly and output in this REQUIRED format (NO extra text, MUST end with ###END###):\n'Final Answer: [number]###END###'\n\nQuestion: {question}",
  "question": "Solo has to read 4 pages from his Science textbook, 20 pages from his Social Studies textbook, 7 pages from his History textbook and 8 pages from his Geography textbook. Solo read 15 pages on Monday. If he has 4  more days to complete all his reading, how many pages does he need to read, on average, in one day?",
  "response": "####\n\nFinal Answer: 7###END###  ####\nFinal Answer: 7###END###  ####\nFinal Answer: 7###END###  ####\nFinal Answer: 7###END###  ####\nFinal Answer: 7###END###  ####\nFinal Answer: 7###END###  ####\nFinal Answer: 7###END###  ####\nFinal Answer: 7###END###  ####\nFinal Answer: 7###END###  ####\nFinal Answer: 7###END###  ####\nFinal Answer: 7###END###  ####\nFinal Answer: 7###END###  ####\nFinal Answer: 7###END###  ####\nFinal Answer: 7###END###  ####\nFinal Answer: 7###END###  ####\nFinal Answer: 7###END###  ####\nFinal Answer: 7###END###  ####\nFinal Answer: 7###END###  ####\nFinal Answer: 7###END###  ####\nFinal Answer: 7###END###  ####\nFinal Answer: 7###END###  ####\nFinal Answer: 7###END###  ####\nFinal Answer: 7###END###  ####\nFinal Answer: 7###END###  ####\nFinal Answer: 7###END###  ####\nFinal Answer: 7###END###  ####\nFinal Answer: 7###END###  ####",
  "extracted_answer": "7",
  "reference_answer": "Solo has to read a total of 4 + 20 + 7 + 8 = <<4+20+7+8=39>>39 pages.\nAfter Monday, he had a remainder of 39 - 15 = <<39-15=24>>24 pages to read.\nTo complete his reading, he must read 24/4 = <<24/4=6>>6 pages a day.\n#### 6",
  "is_correct": false,
  "timestamp": 1763458802.5383706
}