{
  "sample_id": 108,
  "alpha": 0.8,
  "template_idx": 1,
  "template": "You are a math-savvy student. Solve the question step by step, focus on correct calculation, then output the final answer in the EXACT format (MUST follow):\n'Final Answer: [number]###END###'\n\nExample:\nQuestion: James runs 3 sprints 3 times a week. He runs 60 meters each sprint. Total meters?\nStep 1: Total sprints per week = 3 times/week * 3 sprints/time = 9 sprints\nStep 2: Total meters = 9 sprints * 60 meters/sprint = 540 meters\nFinal Answer: 540###END###\n\nQuestion: {question}",
  "question": "Henry is making cookies for a local baking competition. He wants to make twice as many as he did last year. When he finishes baking, he realizes he actually baked 15 more cookies than he meant to. He drops 5 of his cookies as he is putting them out to cool, and now has a total of 110 cookies. How many cookies did Henry bake last year?",
  "response": "Step 1: Let x be the number of cookies Henry baked last year.\nStep 2: This year, Henry baked 2x cookies.\nStep 3: After baking 15 more cookies, Henry had 2x + 15 cookies.\nStep 4: After dropping 5 cookies, Henry had 2x + 15 - 5 = 2x + 10 cookies.\nStep 5: Since Henry now has 110 cookies, we can set up the equation 2x + 10 = 110.\nStep 6: Subtract 10 from both sides: 2x = 100.\nStep 7: Divide both sides by 2: x = 50.\nFinal Answer: 50###END###",
  "extracted_answer": "50",
  "reference_answer": "Adding the cookies Henry dropped shows he baked 110 + 5 = <<110+5=115>>115 cookies this year.\nHe had cooked too many, so he must have needed 115 – 15 = <<115-15=100>>100 cookies to double last year’s amount.\nTherefore, he must have cooked 100 / 2 = <<100/2=50>>50 cookies last year.\n#### 50",
  "is_correct": true,
  "timestamp": 1763457445.5509326
}