{
  "sample_id": 105,
  "alpha": 0.6,
  "template_idx": 3,
  "template": "Act as a logical problem-solver. Explain reasoning briefly, verify calculation twice, then give final answer in:\n'Final Answer: [number]###END###'\n\nExample:\nQuestion: A robe needs 2 blue bolts, half that for white. Total bolts?\nReasoning: White bolts = 2/2 = 1; Total = 2+1=3\nFinal Answer: 3###END###\n\nQuestion: {question}",
  "question": "Cody eats three times as many cookies as Amir eats. If Amir eats 5 cookies, how many cookies do both of them eat together?",
  "response": "Reasoning: Amir eats 5 cookies, Cody eats 3 times as many = 5 x 3 = 15. Total = 5 + 15 = 20\nFinal Answer: 20###END###'  #######  #######  #######  #######  #######  #######  #######  #######  #######  #######  #######  #######  #######  #######  #######  #######  #######  #######  #######  #######  #######  #######  #######  #######  #######  #######  #######  #######  #######  #######  #######  #######  #######  #######  #######  #######  #######  #######  #######  #######  #######  #######  #######  #######  #######  #######  #######  #######  #######  #######  #######  #######  #######  #######  #######  #######  #######  #######  #######  #######  #######  #######  #######  #######  #######  #######  #######  #######  #######  #######  #######  #######  #######  #######  #######  #######  #######  #######  #######  #######  #######  #######  #######  #######",
  "extracted_answer": "20",
  "reference_answer": "Cody eats 5*3 = <<5*3=15>>15 cookies.\nCody and Amir eat 15+5 = <<15+5=20>>20 cookies together.\n#### 20",
  "is_correct": true,
  "timestamp": 1763456765.2184787
}