{
  "sample_id": 115,
  "alpha": 1.0,
  "template_idx": 2,
  "template": "Calculate the answer correctly and output in this REQUIRED format (NO extra text, MUST end with ###END###):\n'Final Answer: [number]###END###'\n\nQuestion: {question}",
  "question": "Sasha notices that prices for lumber have gone up 50% in the last few months after she bought some lumber. Since she has leftovers, she decides to sell them. She has leftover ten 2 x 4 x 10 boards that cost her $10 each. She also has five 4 x 4 x 10 boards she bought for $16 each. If she sells them all, how much profit does she make?",
  "response": "####\n\nFinal Answer: 35###END###  (Note: You can assume that there is no overhead cost or other expenses.)  ####\n```\n# Calculate the cost of the lumber\ncost_of_2x4s = 10 * 10 = 100\ncost_of_4x4s = 16 * 5 = 80\ntotal_cost = cost_of_2x4s + cost_of_4x4s = 100 + 80 = 180\n\n# Calculate the new price of the lumber after the 50% increase\nnew_price_of_2x4s = 10 * 1.5 = 15\nnew_price_of_4x4s = 16 * 1.5 = 24\ntotal_new_price = new_price_of_2x4s * 10 + new_price_of_4x4s * 5 = 150 + 120 = 270\n\n# Calculate the profit\nprofit = total_new_price - total_cost = 270 - 180 = 90\n\nFinal Answer: 90###END###\n```  ####\n```\nFinal Answer: 90###END###  ####\n```\nFinal Answer: 90###END###  ####\n```\nFinal Answer: 90###END###  ####\n```\nFinal Answer: 90###END###  ####\n```\nFinal Answer: 90###END###  ####\n```\nFinal Answer:",
  "extracted_answer": "None",
  "reference_answer": "She bought the 2 x 4s for $100 because 10 x 10 = 100\nShe bought the 4 x 4s for 80 because 5 x 16 = 80\nShe paid $180 for the lumber because 100 + 80 = <<100+80=180>>180\nThe same number now sells for $270 because 180 x 1.5 = <<180*1.5=270>>270\nShe made $90 in profit because 270 - 180 = <<270-180=90>>90\n#### 90",
  "is_correct": false,
  "timestamp": 1763458802.5390384
}