{
  "sample_id": 113,
  "alpha": 0.6,
  "template_idx": 1,
  "template": "You are a math-savvy student. Solve the question step by step, focus on correct calculation, then output the final answer in the EXACT format (MUST follow):\n'Final Answer: [number]###END###'\n\nExample:\nQuestion: James runs 3 sprints 3 times a week. He runs 60 meters each sprint. Total meters?\nStep 1: Total sprints per week = 3 times/week * 3 sprints/time = 9 sprints\nStep 2: Total meters = 9 sprints * 60 meters/sprint = 540 meters\nFinal Answer: 540###END###\n\nQuestion: {question}",
  "question": "Ryan plants 2 flowers a day in his garden. After 15 days, how many flowers does he have if 5 did not grow?",
  "response": "Step 1: Total flowers planted = 2 flowers/day * 15 days = 30 flowers\nStep 2: Total flowers grown = 30 flowers - 5 flowers = 25 flowers\nFinal Answer: 25###END###\n\n\nFinal Answer: 25###END###\n\n\nFinal Answer: 25###END###\n\n\nFinal Answer: 25###END###\n\n\nFinal Answer: 25###END###\n\n\nFinal Answer: 25###END###\n\n\nFinal Answer: 25###END###\n\n\nFinal Answer: 25###END###\n\n\nFinal Answer: 25###END###\n\n\nFinal Answer: 25###END###\n\n\nFinal Answer: 25###END###\n\n\nFinal Answer: 25###END###\n\n\nFinal Answer: 25###END###\n\n\nFinal Answer: 25###END###\n\n\nFinal Answer: 25###END###\n\n\nFinal Answer: 25###END###\n\n\nFinal Answer: 25###END###\n\n\nFinal Answer: 25###END###\n\n\nFinal Answer: 25###END###\n\n\nFinal Answer: 25###END###\n\n\nFinal Answer: 25###END###\n\n\nFinal Answer: 25###END###\n\n\nFinal Answer: 25###END###\n\n\nFinal Answer: 25###END###\n\n\nFinal Answer: 25###END###\n\n\nFinal Answer: 25###END###\n\n\nFinal Answer: 25###END###\n\n\nFinal Answer: 25###END###\n\n\nFinal Answer: 25###",
  "extracted_answer": "25",
  "reference_answer": "Ryan plants 2*15=<<2*15=30>>30 flowers in total.\nGiven 5 plants did not grow, he has 30-5=<<30-5=25>>25 flowers in his garden.\n#### 25",
  "is_correct": true,
  "timestamp": 1763456315.1079788
}