{
  "sample_id": 117,
  "alpha": 0.6,
  "template_idx": 2,
  "template": "Calculate the answer correctly and output in this REQUIRED format (NO extra text, MUST end with ###END###):\n'Final Answer: [number]###END###'\n\nQuestion: {question}",
  "question": "John buys 2 pairs of shoes for each of his 3 children.  They cost $60 each.  How much did he pay?",
  "response": "Answer: \n2 * 3 * 60 = 360\nFinal Answer: 360###END###  ######  ######  ######  ######  ######  ######  ######  ######  ######  ######  ######  ######  ######  ######  ######  ######  ######  ######  ######  ######  ######  ######  ######  ######  ######  ######  ######  ######  ######  ######  ######  ######  ######  ######  ######  ######  ######  ######  ######  ######  ######  ######  ######  ######  ######  ######  ######  ######  ######  ######  ######  ######  ######  ######  ######  ######  ######  ######  ######  ######  ######  ######  ######  ######  ######  ######  ######  ######  ######  ######  ######  ######  ######  ######  ######  ######  ######  ######  ######  ######  ######  ######  ######  ######  ######  ######  ######  ######  ######  ######  ######  ######",
  "extracted_answer": "360",
  "reference_answer": "He bought 3*2=<<3*2=6>>6 pairs of shoes\nSo he spent 60*6=$<<60*6=360>>360\n#### 360",
  "is_correct": true,
  "timestamp": 1763456540.61247
}