{
  "sample_id": 112,
  "alpha": 0.6,
  "template_idx": 5,
  "template": "Compute the result accurately and output in the EXACT specified format:\n'Final Answer: [number]###END###'\n\nExample: 2+3=? → Final Answer: 5###END###\n\nQuestion: {question}",
  "question": "A classroom has a whiteboard which is shared between the 4 teachers who take turns using the classroom. Each teacher has 2 lessons per day and uses the whiteboard in each lesson. If the whiteboard is cleaned 3 times per lesson, how many times is the whiteboard cleaned in a day?",
  "response": "Final Answer: 24###END###.  Final Answer: 24###END###.  Final Answer: 24###END###.  Final Answer: 24###END###.  Final Answer: 24###END###.  Final Answer: 24###END###.  Final Answer: 24###END###.  Final Answer: 24###END###.  Final Answer: 24###END###.  Final Answer: 24###END###.  Final Answer: 24###END###.  Final Answer: 24###END###.  Final Answer: 24###END###.  Final Answer: 24###END###.  Final Answer: 24###END###.  Final Answer: 24###END###.  Final Answer: 24###END###.  Final Answer: 24###END###.  Final Answer: 24###END###.  Final Answer: 24###END###.  Final Answer: 24###END###.  Final Answer: 24###END###.  Final Answer: 24###END###.  Final Answer: 24###END###.  Final Answer: 24###END###.  Final Answer: 24###END###.  Final Answer: 24###END###.  Final Answer: 24###END###.  Final Answer: 24###END###.  Final Answer: 24###END###.",
  "extracted_answer": "24",
  "reference_answer": "In one day, there are a total of 4 teachers * 2 lessons each = <<4*2=8>>8 lessons.\nThe whiteboard is therefore cleaned 8 lessons * 3 cleans per lesson = <<8*3=24>>24 times.\n#### 24",
  "is_correct": true,
  "timestamp": 1763457218.1042254
}