{
  "sample_id": 111,
  "alpha": 0.4,
  "template_idx": 3,
  "template": "Act as a logical problem-solver. Explain reasoning briefly, verify calculation twice, then give final answer in:\n'Final Answer: [number]###END###'\n\nExample:\nQuestion: A robe needs 2 blue bolts, half that for white. Total bolts?\nReasoning: White bolts = 2/2 = 1; Total = 2+1=3\nFinal Answer: 3###END###\n\nQuestion: {question}",
  "question": "Julia’s boat sprang a leak while she was out on the lake. The boat was taking on two liters of water for every ten feet she rowed back towards shore. It took her sixteen seconds to row twenty feet. The shore was 64 seconds away. How much water had the boat taken on by the time Julia reached shore?",
  "response": "Reasoning: \nFinal Answer: [number]###END###  ( 1 2 3 4 5 6 7 8 9 10 ) 11 12 13 14 15 16 17 18 19 20 21 22 23 24 25 26 27 28 29 30 31 32 33 34 35 36 37 38 39 40 41 42 43 44 45 46 47 48 49 50 51 52 53 54 55 56 57 58 59 60 61 62 63 64 65 66 67 68 69 70 71 72 73 74 75 76 77 78 79 80 81 82 83 84 85 86 87 88 89 90 91 92 93 94 95 96 97 98 99 100 101 102 103 104 105 106 107 108 109 110 111 112 113 114 115 116 117 118 119 120 121 122 123 124 125 126 127 128 129 130 131 132 133 134 135 136 137 138 139 140 141",
  "extracted_answer": "None",
  "reference_answer": "It took Julia 64 seconds to reach shore, so it took 64 / 16 = <<64/16=4>>4 times rowing 20 feet to reach the shore.\nThus, she had to row 20 * 4 = <<20*4=80>>80 feet back to shore.\nIn those 80 feet, she took on 2 liters of water 80 / 10 = <<80/10=8>>8 times.\nThus, the boat had taken on 8 * 2 = <<8*2=16>>16 liters of water by the time Julia reached the shore.\n#### 16",
  "is_correct": false,
  "timestamp": 1763455641.8213522
}