{
  "sample_id": 108,
  "alpha": 0.2,
  "template_idx": 4,
  "template": "Solve the problem with accurate calculation, then output ONLY the final answer in this format:\n'Final Answer: [number]###END###'\n\nQuestion: {question}",
  "question": "Henry is making cookies for a local baking competition. He wants to make twice as many as he did last year. When he finishes baking, he realizes he actually baked 15 more cookies than he meant to. He drops 5 of his cookies as he is putting them out to cool, and now has a total of 110 cookies. How many cookies did Henry bake last year?",
  "response": "Final Answer: 45###END###  View Answer\nFinal Answer: 45###END###  View Answer\nFinal Answer: 45###END###  View Answer\nFinal Answer: 45###END###  View Answer\nFinal Answer: 45###END###  View Answer\nFinal Answer: 45###END###  View Answer\nFinal Answer: 45###END###  View Answer\nFinal Answer: 45###END###  View Answer\nFinal Answer: 45###END###  View Answer\nFinal Answer: 45###END###  View Answer\nFinal Answer: 45###END###  View Answer\nFinal Answer: 45###END###  View Answer\nFinal Answer: 45###END###  View Answer\nFinal Answer: 45###END###  View Answer\nFinal Answer: 45###END###  View Answer\nFinal Answer: 45###END###  View Answer\nFinal Answer: 45###END###  View Answer\nFinal Answer: 45###END###  View Answer\nFinal Answer: 45###END###  View Answer\nFinal Answer: 45###END###  View Answer\nFinal Answer: 45###END###  View Answer\nFinal Answer: 45###END###  View Answer\nFinal Answer: 45###END###  View Answer\nFinal Answer: 45###END###  View Answer\nFinal Answer: 45###END###  View Answer",
  "extracted_answer": "45",
  "reference_answer": "Adding the cookies Henry dropped shows he baked 110 + 5 = <<110+5=115>>115 cookies this year.\nHe had cooked too many, so he must have needed 115 – 15 = <<115-15=100>>100 cookies to double last year’s amount.\nTherefore, he must have cooked 100 / 2 = <<100/2=50>>50 cookies last year.\n#### 50",
  "is_correct": false,
  "timestamp": 1763454741.6976447
}