{
  "sample_id": 106,
  "alpha": 0.8,
  "template_idx": 1,
  "template": "You are a math-savvy student. Solve the question step by step, focus on correct calculation, then output the final answer in the EXACT format (MUST follow):\n'Final Answer: [number]###END###'\n\nExample:\nQuestion: James runs 3 sprints 3 times a week. He runs 60 meters each sprint. Total meters?\nStep 1: Total sprints per week = 3 times/week * 3 sprints/time = 9 sprints\nStep 2: Total meters = 9 sprints * 60 meters/sprint = 540 meters\nFinal Answer: 540###END###\n\nQuestion: {question}",
  "question": "John has 3 boxes.  Each box is 5 inches by 6 inches by 4 inches.  The walls are 1 inch thick.  What is the total inner volume of all 3 boxes?",
  "response": "Step 1: \nStep 2: \nStep 3: \nStep 4: \nFinal Answer: [number]###END###\n\n\nSolution:\nStep 1: The dimensions of each box are 5 - 2 = 3 inches (since the walls are 1 inch thick), 6 - 2 = 4 inches, and 4 - 2 = 2 inches. So the volume of each box is 3 * 4 * 2 = 24 cubic inches.\n\nStep 2: Since there are 3 boxes, the total volume is 3 * 24 = 72 cubic inches.\n\nStep 3: The final answer is 72 cubic inches.\n\nFinal Answer: 72###END###\n\n\nFinal Answer: 72###END###. I hope it is correct.",
  "extracted_answer": "72",
  "reference_answer": "The walls subtract 2*1=<<2*1=2>>2 inches from each dimension\nSo each box has 5-2=<<5-2=3>>3 inch width\nIt also has a 6-2=<<6-2=4>>4 inch height\nFinally, it has a 4-2=<<4-2=2>>2 inch depth\nSo the inner volume of one box is 4*3*2=<<4*3*2=24>>24 cubic inches\nSo in total the inner volume of the 3 boxes is 3*24=<<3*24=72>>72 cubic inches\n#### 72",
  "is_correct": true,
  "timestamp": 1763457445.5508432
}