{
  "sample_id": 114,
  "alpha": 0.2,
  "template_idx": 3,
  "template": "Act as a logical problem-solver. Explain reasoning briefly, verify calculation twice, then give final answer in:\n'Final Answer: [number]###END###'\n\nExample:\nQuestion: A robe needs 2 blue bolts, half that for white. Total bolts?\nReasoning: White bolts = 2/2 = 1; Total = 2+1=3\nFinal Answer: 3###END###\n\nQuestion: {question}",
  "question": "Jamal's phone can hold 6 times more photographs than can Brittany's phone.  The maximum number of photographs that Brittany's phone can hold is 50 times more than the number of birds in Jamal's photograph of the ducks at the zoo.  If Jamal's phone can hold 1800 photographs, how many ducks can be seen in Jamal's photograph of ducks at the zoo?",
  "response": "Final Answer: [number]###END###  (Show your work)  (I am not sure if I should add 50 times more to the number of birds, or subtract it from the total number of photographs.  I am also not sure if I should divide the total number of photographs by 6 to find the number of photographs that Brittany's phone can hold.)  (I am also not sure if I should multiply the number of photographs that Brittany's phone can hold by 50 to find the number of birds in Jamal's photograph of ducks at the zoo.)  (I am also not sure if I should add the number of birds in Jamal's photograph of ducks at the zoo to the number of photographs that Brittany's phone can hold to find the total number of photographs.)  (I am also not sure if I should subtract the number of birds in Jamal's photograph of ducks at the zoo from the total number of photographs to find the number of photographs that Brittany's phone can hold.)  (I am also not sure if I should subtract the number of photographs that Brittany's phone can hold from the total number of photographs to find the number of birds in Jamal's photograph of ducks at the zoo.)  (I am also not sure if I should add the number of photographs that Brittany's phone can hold to the total number of photographs to find the number of birds in Jamal's photograph of ducks at the zoo.)  (I am also not sure if I should multiply",
  "extracted_answer": "None",
  "reference_answer": "Since Jamal's phone can hold 1800 photos, which is 6 times more than Brittany's phone can hold, Brittany's phone can hold `1800/6=<<1800/6=300>>300 photographs.\nSince Brittany's phone can hold 50 times more photos than the number of birds in Jamal's photograph, then 300/50=6 ducks can be seen in Jamal's photograph of ducks at the zoo.\n#### 6",
  "is_correct": false,
  "timestamp": 1763454517.0384605
}