{
  "sample_id": 115,
  "alpha": 0.4,
  "template_idx": 5,
  "template": "Compute the result accurately and output in the EXACT specified format:\n'Final Answer: [number]###END###'\n\nExample: 2+3=? → Final Answer: 5###END###\n\nQuestion: {question}",
  "question": "Sasha notices that prices for lumber have gone up 50% in the last few months after she bought some lumber. Since she has leftovers, she decides to sell them. She has leftover ten 2 x 4 x 10 boards that cost her $10 each. She also has five 4 x 4 x 10 boards she bought for $16 each. If she sells them all, how much profit does she make?",
  "response": "(Profit = Selling Price - Cost)\n\nSolution: \nLet's first find the total cost of the lumber. \nFor the 2 x 4 x 10 boards, she has 10 boards that cost her $10 each. \nTotal cost for these boards = 10 x $10 = $100. \nFor the 4 x 4 x 10 boards, she has 5 boards that cost her $16 each. \nTotal cost for these boards = 5 x $16 = $80. \nTotal cost for all the lumber = $100 + $80 = $180. \nNow, let's find the selling price. \nThe prices for lumber have gone up 50%. \nSo, the selling price for each board is 50% more than the cost price. \nFor the 2 x 4 x 10 boards, the selling price = $10 x (1 + 0.5) = $15. \nFor the 4 x 4 x 10 boards, the selling price = $16 x (1 + 0.5) = $24. \nSelling price for all the lumber = 10 x $15 + 5 x $24 = $150 + $120 = $270. \nNow, let's find the profit. \nProfit = Selling Price - Cost. \nProfit = $270 - $180 = $90. \nFinal Answer: 90###END###. I hope it is correct.",
  "extracted_answer": "90",
  "reference_answer": "She bought the 2 x 4s for $100 because 10 x 10 = 100\nShe bought the 4 x 4s for 80 because 5 x 16 = 80\nShe paid $180 for the lumber because 100 + 80 = <<100+80=180>>180\nThe same number now sells for $270 because 180 x 1.5 = <<180*1.5=270>>270\nShe made $90 in profit because 270 - 180 = <<270-180=90>>90\n#### 90",
  "is_correct": true,
  "timestamp": 1763456090.6864142
}