{
  "sample_id": 0,
  "alpha": 0.8,
  "template_idx": 2,
  "template": "Calculate the answer correctly and output in this REQUIRED format (NO extra text, MUST end with ###END###):\n'Final Answer: [number]###END###'\n\nQuestion: {question}",
  "question": "Janet’s ducks lay 16 eggs per day. She eats three for breakfast every morning and bakes muffins for her friends every day with four. She sells the remainder at the farmers' market daily for $2 per fresh duck egg. How much in dollars does she make every day at the farmers' market?",
  "response": "####\n\nSolution: \nJanet eats 3 eggs and bakes 4 eggs. So she has 16 - 3 - 4 = 9 eggs left. She sells 9 eggs for 2 dollars each. So she makes 9 * 2 = 18 dollars. \nFinal Answer: 18###END###  ####\n####  ####\n####  ####\n####  ####\n####  ####\n####  ####\n####  ####\n####  ####\n####  ####\n####  ####\n####  ####\n####  ####\n####  ####\n####  ####\n####  ####\n####  ####\n####  ####\n####  ####\n####  ####\n####  ####\n####  ####\n####  ####\n####  ####\n####  ####\n####  ####\n####  ####\n####  ####\n####  ####\n####  ####\n####  ####\n####  ####\n####  ####\n####  ####\n####  ####\n####  ####\n####  ####\n####  ####\n####  ####\n####  ####\n####  ####\n####  ####\n####  ####\n####  ####\n####  ####\n####  ####\n####  ####\n####  ####\n####  ####\n####  ####\n####  ####\n####  ####\n####  ####\n####  ####\n####  ####\n####  ####\n####  ####\n####  ####\n####  ####",
  "extracted_answer": "18",
  "reference_answer": "Janet sells 16 - 3 - 4 = <<16-3-4=9>>9 duck eggs a day.\nShe makes 9 * 2 = $<<9*2=18>>18 every day at the farmer’s market.\n#### 18",
  "is_correct": true,
  "timestamp": 1763457673.0714316
}