{
  "sample_id": 113,
  "alpha": 0.8,
  "template_idx": 5,
  "template": "Compute the result accurately and output in the EXACT specified format:\n'Final Answer: [number]###END###'\n\nExample: 2+3=? → Final Answer: 5###END###\n\nQuestion: {question}",
  "question": "Ryan plants 2 flowers a day in his garden. After 15 days, how many flowers does he have if 5 did not grow?",
  "response": "A) 35\nB) 30\nC) 25\nD) 20\nE) 15\n\nSolution: \nRyan plants 2 flowers a day. So in 15 days, he will plant 2 x 15 = 30 flowers. But 5 of them did not grow. So he has 30 - 5 = 25 flowers. \nFinal Answer: C###END###.  #######  #######  #######  #######  #######  #######  #######  #######  #######  #######  #######  #######  #######  #######  #######  #######  #######  #######  #######  #######  #######  #######  #######  #######  #######  #######  #######  #######  #######  #######  #######  #######  #######  #######  #######  #######  #######  #######  #######  #######  #######  #######  #######  #######  #######  #######  #######  #######  #######  #######  #######  #######  #######  #######  #######  #######  #######  #######  #######  #######  #######  #######  #######  #######  #######  #######  #######  #######  #######  #######  #######",
  "extracted_answer": "None",
  "reference_answer": "Ryan plants 2*15=<<2*15=30>>30 flowers in total.\nGiven 5 plants did not grow, he has 30-5=<<30-5=25>>25 flowers in his garden.\n#### 25",
  "is_correct": false,
  "timestamp": 1763458352.1687872
}